gene_symbol,log2fc,pvalue,padj,diffexpressed,is_purinergic,purinergic_category,is_mitochondrial,mito_category,mito_complex,is_crosstalk,top_hallmark
CRLF1,1.7725989451438835,4.42e-6,4.42e-6,Upregulated,FALSE,NA,FALSE,NA,NA,FALSE,NA
LOC105369401,4.704328949248108,1.18e-5,1.18e-5,Upregulated,FALSE,NA,FALSE,NA,NA,FALSE,NA
IGF1,1.6225712803368624,1.4806e-4,1.4806e-4,Upregulated,FALSE,NA,FALSE,NA,NA,FALSE,NA
LOC105376311,2.224687893045932,1.75604e-4,1.75604e-4,Upregulated,FALSE,NA,FALSE,NA,NA,FALSE,NA
MELK,-0.7732156039532821,2.2547e-4,2.2547e-4,NS,FALSE,NA,FALSE,NA,NA,FALSE,NA
HLX-AS1,1.7449555833945438,2.3881e-4,2.3881e-4,Upregulated,FALSE,NA,FALSE,NA,NA,FALSE,NA
SCARA3,-0.6320468605938246,2.91296e-4,2.91296e-4,NS,FALSE,NA,FALSE,NA,NA,FALSE,NA
SLC22A17,0.27170799476437957,2.94325e-4,2.94325e-4,NS,FALSE,NA,FALSE,NA,NA,FALSE,NA
COL22A1,-3.3451746798483395,3.39764e-4,3.39764e-4,Downregulated,FALSE,NA,FALSE,NA,NA,FALSE,NA
CHCHD2,-2.0771087405349418,3.93492e-4,3.93492e-4,Downregulated,FALSE,NA,FALSE,NA,NA,FALSE,NA
CDRT15P3,0.8409806428878501,4.10269e-4,4.10269e-4,NS,FALSE,NA,FALSE,NA,NA,FALSE,NA
DHX8,0.1347921667580511,4.1187e-4,4.1187e-4,NS,FALSE,NA,FALSE,NA,NA,FALSE,NA
CRTC3,-0.2831017201542255,5.98293e-4,5.98293e-4,NS,FALSE,NA,FALSE,NA,NA,FALSE,NA
IQCM,2.045995270794805,6.92221e-4,6.92221e-4,Upregulated,FALSE,NA,FALSE,NA,NA,FALSE,NA
RAC2,1.371428457716651,9.41102e-4,9.41102e-4,Upregulated,FALSE,NA,FALSE,NA,NA,FALSE,NA
LINC01524,4.210002440543162,0.001001008,0.001001008,Upregulated,FALSE,NA,FALSE,NA,NA,FALSE,NA
TMCO4,-0.5131524984851248,0.00103422,0.00103422,NS,FALSE,NA,FALSE,NA,NA,FALSE,NA
RAMAC,0.4089670927730823,0.001324898,0.001324898,NS,FALSE,NA,FALSE,NA,NA,FALSE,NA
LOC112268029,3.4984882926129153,0.001404447,0.001404447,Upregulated,FALSE,NA,FALSE,NA,NA,FALSE,NA
RASSF2,-1.3026401598931376,0.001415304,0.001415304,Downregulated,FALSE,NA,FALSE,NA,NA,FALSE,NA
CDCA2,-1.1753649338541374,0.001440265,0.001440265,Downregulated,FALSE,NA,FALSE,NA,NA,FALSE,NA
KIF20B,-0.6379619952033686,0.001549154,0.001549154,NS,FALSE,NA,FALSE,NA,NA,FALSE,NA
GPR157,0.5706765496860488,0.001574051,0.001574051,NS,FALSE,NA,FALSE,NA,NA,FALSE,NA
HLX,1.5648667879639797,0.001631064,0.001631064,Upregulated,FALSE,NA,FALSE,NA,NA,FALSE,NA
SLIT2-IT1,1.5586798606583343,0.001652354,0.001652354,Upregulated,FALSE,NA,FALSE,NA,NA,FALSE,NA
TRAV18,2.6503054165954354,0.001673578,0.001673578,Upregulated,FALSE,NA,FALSE,NA,NA,FALSE,NA
TRE-TTC4-1,1.7707097960703573,0.001808752,0.001808752,Upregulated,FALSE,NA,FALSE,NA,NA,FALSE,NA
RBBP8NL,3.1837407790819516,0.001933235,0.001933235,Upregulated,FALSE,NA,FALSE,NA,NA,FALSE,NA
LOC105373002,2.4508692815501423,0.002176537,0.002176537,Upregulated,FALSE,NA,FALSE,NA,NA,FALSE,NA
VPS33A,0.3601755647475911,0.002358208,0.002358208,NS,FALSE,NA,FALSE,NA,NA,FALSE,NA
CREBL2,-0.4169104285601545,0.002648135,0.002648135,NS,FALSE,NA,FALSE,NA,NA,FALSE,NA
MIR4645,2.3209396089033936,0.002722736,0.002722736,Upregulated,FALSE,NA,FALSE,NA,NA,FALSE,NA
CD34,1.778765764216241,0.002871429,0.002871429,Upregulated,FALSE,NA,FALSE,NA,NA,FALSE,NA
SHKBP1,0.3254659299504332,0.00299096,0.00299096,NS,FALSE,NA,FALSE,NA,NA,FALSE,NA
DENND5A,-0.15591564500073368,0.00304683,0.00304683,NS,FALSE,NA,FALSE,NA,NA,FALSE,NA
APOBEC3G,-0.7797710645540085,0.003048422,0.003048422,NS,FALSE,NA,FALSE,NA,NA,FALSE,NA
PTGS1,0.9979503368371996,0.003104749,0.003104749,NS,FALSE,NA,FALSE,NA,NA,FALSE,NA
HCP5,0.7100991936491491,0.00355753,0.00355753,NS,FALSE,NA,FALSE,NA,NA,FALSE,NA
SLC9A1,0.375748488459438,0.003671841,0.003671841,NS,FALSE,NA,FALSE,NA,NA,FALSE,NA
LINC02733,-1.6840607273551842,0.003675831,0.003675831,Downregulated,FALSE,NA,FALSE,NA,NA,FALSE,NA
TNFSF12,-0.3917511956755456,0.00372246,0.00372246,NS,FALSE,NA,FALSE,NA,NA,FALSE,NA
TMEM30A,0.3453947197827855,0.003801897,0.003801897,NS,FALSE,NA,FALSE,NA,NA,FALSE,NA
GGCT,-0.32711376445270424,0.004007198,0.004007198,NS,FALSE,NA,FALSE,NA,NA,FALSE,NA
LOC107984928,2.748174404662425,0.004021883,0.004021883,Upregulated,FALSE,NA,FALSE,NA,NA,FALSE,NA
KIF23-AS1,-0.8770764893659035,0.0040678,0.0040678,NS,FALSE,NA,FALSE,NA,NA,FALSE,NA
LINC01094,-2.898384118737907,0.004115576,0.004115576,Downregulated,FALSE,NA,FALSE,NA,NA,FALSE,NA
CHRNA1,-1.0350685226466143,0.004185084,0.004185084,Downregulated,FALSE,NA,FALSE,NA,NA,FALSE,NA
CDH8,0.7739434523219635,0.004299281,0.004299281,NS,FALSE,NA,FALSE,NA,NA,FALSE,NA
ALDH6A1,-0.5072050689801082,0.004340884,0.004340884,NS,FALSE,NA,FALSE,NA,NA,FALSE,NA
UBN1,0.16908915423820678,0.004400189,0.004400189,NS,FALSE,NA,FALSE,NA,NA,FALSE,NA
INO80C,0.35526801340564146,0.004476317,0.004476317,NS,FALSE,NA,FALSE,NA,NA,FALSE,NA
LINC00640,2.046325863027274,0.00450914,0.00450914,Upregulated,FALSE,NA,FALSE,NA,NA,FALSE,NA
DHTKD1,-0.37615226311137584,0.00455674,0.00455674,NS,FALSE,NA,FALSE,NA,NA,FALSE,NA
COX17,0.32481637418910564,0.004641008,0.004641008,NS,FALSE,NA,TRUE,complex_IV,Complex IV,FALSE,NA
SLC30A4-AS1,3.1603548684246436,0.004684534,0.004684534,Upregulated,FALSE,NA,FALSE,NA,NA,FALSE,NA
DENND2B,-0.5666832247883333,0.004793252,0.004793252,NS,FALSE,NA,FALSE,NA,NA,FALSE,NA
CYFIP1,-0.4210961553958388,0.004904525,0.004904525,NS,FALSE,NA,FALSE,NA,NA,FALSE,NA
DIP2C-AS1,0.9898071140760136,0.004927147,0.004927147,NS,FALSE,NA,FALSE,NA,NA,FALSE,NA
SSTR4,1.5832229163480154,0.004957159,0.004957159,Upregulated,FALSE,NA,FALSE,NA,NA,FALSE,NA
FOXL2,-2.044784562038931,0.004977509,0.004977509,Downregulated,FALSE,NA,FALSE,NA,NA,FALSE,NA
LINC01931,3.2146567725734636,0.00498204,0.00498204,Upregulated,FALSE,NA,FALSE,NA,NA,FALSE,NA
VASH1,0.25311705347106617,0.005071616,0.005071616,NS,FALSE,NA,FALSE,NA,NA,FALSE,NA
LOC101926944,2.505192350939792,0.005321242,0.005321242,Upregulated,FALSE,NA,FALSE,NA,NA,FALSE,NA
ZHX1-C8orf76,0.3633576838929067,0.005441652,0.005441652,NS,FALSE,NA,FALSE,NA,NA,FALSE,NA
INTS5,0.13644994158933335,0.005476717,0.005476717,NS,FALSE,NA,FALSE,NA,NA,FALSE,NA
LOC105369435,1.850759405881791,0.005477423,0.005477423,Upregulated,FALSE,NA,FALSE,NA,NA,FALSE,NA
ZFP36L1,-1.077454932506695,0.005573651,0.005573651,Downregulated,FALSE,NA,FALSE,NA,NA,FALSE,NA
C1QTNF5,-1.0055354932506166,0.005609453,0.005609453,Downregulated,FALSE,NA,FALSE,NA,NA,FALSE,NA
MFRP,-1.0055354932506166,0.005609453,0.005609453,Downregulated,FALSE,NA,FALSE,NA,NA,FALSE,NA
ELL2,0.5971917142112184,0.005872259,0.005872259,NS,FALSE,NA,FALSE,NA,NA,FALSE,NA
LOC105371611,2.08647777434731,0.005872758,0.005872758,Upregulated,FALSE,NA,FALSE,NA,NA,FALSE,NA
IPW,-0.3801261650236864,0.006065319,0.006065319,NS,FALSE,NA,FALSE,NA,NA,FALSE,NA
JAK3,0.3903435181547581,0.006190345,0.006190345,NS,FALSE,NA,FALSE,NA,NA,FALSE,NA
SLC51A,0.652836923881016,0.006226025,0.006226025,NS,FALSE,NA,FALSE,NA,NA,FALSE,NA
IL36G,-2.7648408770999997,0.006262587,0.006262587,Downregulated,FALSE,NA,FALSE,NA,NA,FALSE,NA
LOC107986457,0.7469428143638072,0.006291777,0.006291777,NS,FALSE,NA,FALSE,NA,NA,FALSE,NA
LOC105377161,-2.6749090721738176,0.00633631,0.00633631,Downregulated,FALSE,NA,FALSE,NA,NA,FALSE,NA
TRIM25,-0.6002774672160551,0.006430794,0.006430794,NS,FALSE,NA,FALSE,NA,NA,FALSE,NA
ARHGAP31,-0.8121470009357408,0.006580485,0.006580485,NS,FALSE,NA,FALSE,NA,NA,FALSE,NA
LOC105375243,1.9144513317827776,0.006777924,0.006777924,Upregulated,FALSE,NA,FALSE,NA,NA,FALSE,NA
LOC107986330,-2.9094445676485607,0.006813095,0.006813095,Downregulated,FALSE,NA,FALSE,NA,NA,FALSE,NA
NPAS3,-0.5873590046084375,0.006916902,0.006916902,NS,FALSE,NA,FALSE,NA,NA,FALSE,NA
DAPP1,1.29143772756031,0.007236683,0.007236683,Upregulated,FALSE,NA,FALSE,NA,NA,FALSE,NA
LINC01402,2.497915350339896,0.007466721,0.007466721,Upregulated,FALSE,NA,FALSE,NA,NA,FALSE,NA
VIM,-0.9021263682806776,0.007484104,0.007484104,NS,FALSE,NA,FALSE,NA,NA,FALSE,NA
HLA-J,-0.8870947009170863,0.007535827,0.007535827,NS,FALSE,NA,FALSE,NA,NA,FALSE,NA
TOP1P1,-0.33982169750813923,0.007587938,0.007587938,NS,FALSE,NA,FALSE,NA,NA,FALSE,NA
LOC105371265,2.0522014505339183,0.007757681,0.007757681,Upregulated,FALSE,NA,FALSE,NA,NA,FALSE,NA
SNORD108,-0.5305147173399777,0.007962483,0.007962483,NS,FALSE,NA,FALSE,NA,NA,FALSE,NA
CLNK,2.771447268501797,0.007990228,0.007990228,Upregulated,FALSE,NA,FALSE,NA,NA,FALSE,NA
LOC107984888,1.4400368766704423,0.008147197,0.008147197,Upregulated,FALSE,NA,FALSE,NA,NA,FALSE,NA
LOC105375912,1.5190337529548448,0.008168039,0.008168039,Upregulated,FALSE,NA,FALSE,NA,NA,FALSE,NA
KRTDAP,1.3443338233964457,0.008273901,0.008273901,Upregulated,FALSE,NA,FALSE,NA,NA,FALSE,NA
SNORD38D,-1.7534773043823797,0.008563938,0.008563938,Downregulated,FALSE,NA,FALSE,NA,NA,FALSE,NA
VIM-AS1,-0.8609723739116808,0.008619619,0.008619619,NS,FALSE,NA,FALSE,NA,NA,FALSE,NA
GAL3ST2,1.642187876334308,0.008737909,0.008737909,Upregulated,FALSE,NA,FALSE,NA,NA,FALSE,NA
SMG6,0.2194049664323436,0.008859769,0.008859769,NS,FALSE,NA,FALSE,NA,NA,FALSE,NA
SNORD107,-0.46728629299025226,0.008958433,0.008958433,NS,FALSE,NA,FALSE,NA,NA,FALSE,NA
LOC105372358,1.7881179512336178,0.009100008,0.009100008,Upregulated,FALSE,NA,FALSE,NA,NA,FALSE,NA
ABCD1,0.4149794094362449,0.009174011,0.009174011,NS,FALSE,NA,FALSE,NA,NA,FALSE,NA
PEG3,2.1820528468076557,0.009178315,0.009178315,Upregulated,FALSE,NA,FALSE,NA,NA,FALSE,NA
RAET1K,-0.6855963256295384,0.009359924,0.009359924,NS,FALSE,NA,FALSE,NA,NA,FALSE,NA
LYRM4-AS1,-0.3889084358093339,0.009407387,0.009407387,NS,FALSE,NA,FALSE,NA,NA,FALSE,NA
LINC02593,0.9924883917087152,0.009654381,0.009654381,NS,FALSE,NA,FALSE,NA,NA,FALSE,NA
PANK1-AS1,-0.9901225724414252,0.009688289,0.009688289,NS,FALSE,NA,FALSE,NA,NA,FALSE,NA
MAB21L3,1.4362134219374805,0.009762615,0.009762615,Upregulated,FALSE,NA,FALSE,NA,NA,FALSE,NA
LINC02532,4.389161084840356,0.009822338,0.009822338,Upregulated,FALSE,NA,FALSE,NA,NA,FALSE,NA
GAST,3.2573925786472344,0.010078452,0.010078452,Upregulated,FALSE,NA,FALSE,NA,NA,FALSE,NA
SAP30,-0.49168960969806064,0.010099495,0.010099495,NS,FALSE,NA,FALSE,NA,NA,FALSE,NA
VWA1,0.8161661128556996,0.01018369,0.01018369,NS,FALSE,NA,FALSE,NA,NA,FALSE,NA
BLMH,-0.24879747869886287,0.010209415,0.010209415,NS,FALSE,NA,FALSE,NA,NA,FALSE,NA
MCOLN3,-0.7169232011801224,0.010425085,0.010425085,NS,FALSE,NA,FALSE,NA,NA,FALSE,NA
CEP250-AS1,0.2846513651557598,0.010455583,0.010455583,NS,FALSE,NA,FALSE,NA,NA,FALSE,NA
RBL1,-0.24770915372946503,0.010461097,0.010461097,NS,FALSE,NA,FALSE,NA,NA,FALSE,NA
MAP1LC3B2,0.2780644009047028,0.010494384,0.010494384,NS,FALSE,NA,FALSE,NA,NA,FALSE,NA
PRSS48,2.0025705539179772,0.010584645,0.010584645,Upregulated,FALSE,NA,FALSE,NA,NA,FALSE,NA
LOC105374444,1.1399058472402244,0.010622499,0.010622499,Upregulated,FALSE,NA,FALSE,NA,NA,FALSE,NA
TMEM203,0.11989058643388369,0.010754029,0.010754029,NS,FALSE,NA,FALSE,NA,NA,FALSE,NA
LINC00578,1.6597274161787203,0.01090821,0.01090821,Upregulated,FALSE,NA,FALSE,NA,NA,FALSE,NA
LOC105377778,1.329313334530631,0.011040433,0.011040433,Upregulated,FALSE,NA,FALSE,NA,NA,FALSE,NA
PWARSN,-0.46329414845179245,0.011142411,0.011142411,NS,FALSE,NA,FALSE,NA,NA,FALSE,NA
TJP2,-0.646993025178134,0.011154881,0.011154881,NS,FALSE,NA,FALSE,NA,NA,FALSE,NA
ATG4A,0.37986920400678226,0.011224725,0.011224725,NS,FALSE,NA,FALSE,NA,NA,FALSE,NA
HMGXB3,0.12315631924616824,0.011264153,0.011264153,NS,FALSE,NA,FALSE,NA,NA,FALSE,NA
TAS2R46,-1.278251454886767,0.011270632,0.011270632,Downregulated,FALSE,NA,FALSE,NA,NA,FALSE,NA
GLIS3-AS1,-0.7848098717355266,0.011282444,0.011282444,NS,FALSE,NA,FALSE,NA,NA,FALSE,NA
APAF1,0.4069003837727415,0.011708221,0.011708221,NS,FALSE,NA,TRUE,mito_apoptosis,NA,FALSE,NA
STBD1,0.3268235693097735,0.011807039,0.011807039,NS,FALSE,NA,FALSE,NA,NA,FALSE,NA
C6orf58,1.6758348021321514,0.011809241,0.011809241,Upregulated,FALSE,NA,FALSE,NA,NA,FALSE,NA
ZNF621,-0.33709758580668636,0.01183225,0.01183225,NS,FALSE,NA,FALSE,NA,NA,FALSE,NA
UBE2K,0.2992259677102405,0.011883827,0.011883827,NS,FALSE,NA,FALSE,NA,NA,FALSE,NA
WWC2,-0.3352067086836867,0.011987391,0.011987391,NS,FALSE,NA,FALSE,NA,NA,FALSE,NA
SRSF3,-0.18185180669200324,0.012060023,0.012060023,NS,FALSE,NA,FALSE,NA,NA,FALSE,NA
ZNF772,0.43134195685982185,0.012085314,0.012085314,NS,FALSE,NA,FALSE,NA,NA,FALSE,NA
PNP,0.16821503860991413,0.012104716,0.012104716,NS,TRUE,ectonucleotidases,FALSE,NA,NA,FALSE,NA
HLA-DQB1-AS1,2.223880051751905,0.012112898,0.012112898,Upregulated,FALSE,NA,FALSE,NA,NA,FALSE,NA
LINC02615,0.809276502824117,0.01224647,0.01224647,NS,FALSE,NA,FALSE,NA,NA,FALSE,NA
CLEC4C,2.1558419277128387,0.012257369,0.012257369,Upregulated,FALSE,NA,FALSE,NA,NA,FALSE,NA
LOC105370092,1.3449316920092456,0.012276759,0.012276759,Upregulated,FALSE,NA,FALSE,NA,NA,FALSE,NA
DPP3-DT,0.5390458453391156,0.012346212,0.012346212,NS,FALSE,NA,FALSE,NA,NA,FALSE,NA
PRKAR2A,0.26713094411096716,0.012369974,0.012369974,NS,FALSE,NA,FALSE,NA,NA,FALSE,NA
SNORA59B,0.807241013077576,0.01238326,0.01238326,NS,FALSE,NA,FALSE,NA,NA,FALSE,NA
TBC1D22A-AS1,1.453458241943374,0.012392861,0.012392861,Upregulated,FALSE,NA,FALSE,NA,NA,FALSE,NA
BHLHE40-AS1,0.4178907724238004,0.012494897,0.012494897,NS,FALSE,NA,FALSE,NA,NA,FALSE,NA
SPINT2,0.9191912374566544,0.012512581,0.012512581,NS,FALSE,NA,FALSE,NA,NA,FALSE,NA
HOXD1,1.1128871232622932,0.012641453,0.012641453,Upregulated,FALSE,NA,FALSE,NA,NA,FALSE,NA
MRPL16,-0.1401720924359556,0.012777026,0.012777026,NS,FALSE,NA,FALSE,NA,NA,FALSE,NA
ZNF578,1.1797710317020644,0.012828976,0.012828976,Upregulated,FALSE,NA,FALSE,NA,NA,FALSE,NA
LOC105378555,-2.398952101471623,0.012869023,0.012869023,Downregulated,FALSE,NA,FALSE,NA,NA,FALSE,NA
ZNF860,0.5502190198033585,0.012880154,0.012880154,NS,FALSE,NA,FALSE,NA,NA,FALSE,NA
TMEM184A,0.5492906653318911,0.01291107,0.01291107,NS,FALSE,NA,FALSE,NA,NA,FALSE,NA
CHST3,-0.7028934909574144,0.013020536,0.013020536,NS,FALSE,NA,FALSE,NA,NA,FALSE,NA
GLUL,-0.7183227088148895,0.01306247,0.01306247,NS,FALSE,NA,FALSE,NA,NA,FALSE,NA
KATNA1,-0.16163633692450444,0.013095064,0.013095064,NS,FALSE,NA,FALSE,NA,NA,FALSE,NA
SLC5A12,1.0567642083633506,0.013126086,0.013126086,Upregulated,FALSE,NA,FALSE,NA,NA,FALSE,NA
INKA2,-0.43177336785139786,0.013129511,0.013129511,NS,FALSE,NA,FALSE,NA,NA,FALSE,NA
LUCAT1,1.1064090059025895,0.013142997,0.013142997,Upregulated,FALSE,NA,FALSE,NA,NA,FALSE,NA
LINC01856,2.2524534363288327,0.013149695,0.013149695,Upregulated,FALSE,NA,FALSE,NA,NA,FALSE,NA
LOC105377743,1.843011850728775,0.013605857,0.013605857,Upregulated,FALSE,NA,FALSE,NA,NA,FALSE,NA
PBX3-DT,2.104265251017686,0.013628236,0.013628236,Upregulated,FALSE,NA,FALSE,NA,NA,FALSE,NA
IRX4,3.0385405095293865,0.013638807,0.013638807,Upregulated,FALSE,NA,FALSE,NA,NA,FALSE,NA
SPAG7,0.21198155325591916,0.013646353,0.013646353,NS,FALSE,NA,FALSE,NA,NA,FALSE,NA
DDTL,0.47108594832433254,0.013654678,0.013654678,NS,FALSE,NA,FALSE,NA,NA,FALSE,NA
CYYR1,-0.8149949836928719,0.01371102,0.01371102,NS,FALSE,NA,FALSE,NA,NA,FALSE,NA
HOXA4,0.7536723276630974,0.013857289,0.013857289,NS,FALSE,NA,FALSE,NA,NA,FALSE,NA
ADAMTS20,1.3723394413070191,0.01389684,0.01389684,Upregulated,FALSE,NA,FALSE,NA,NA,FALSE,NA
ARHGAP12,-0.2350538133387895,0.013904466,0.013904466,NS,FALSE,NA,FALSE,NA,NA,FALSE,NA
ACSL3,0.2976705665258064,0.01392451,0.01392451,NS,FALSE,NA,FALSE,NA,NA,FALSE,NA
MIR3162,-1.5845130961985816,0.013935235,0.013935235,Downregulated,FALSE,NA,FALSE,NA,NA,FALSE,NA
UOX,1.6858029650539097,0.013941214,0.013941214,Upregulated,FALSE,NA,FALSE,NA,NA,FALSE,NA
STIL,-0.3559916857076093,0.014036622,0.014036622,NS,FALSE,NA,FALSE,NA,NA,FALSE,NA
SFTPD,-0.43018074391140704,0.014098901,0.014098901,NS,FALSE,NA,FALSE,NA,NA,FALSE,NA
ELFN1,0.6219283454896788,0.014110622,0.014110622,NS,FALSE,NA,FALSE,NA,NA,FALSE,NA
UBL7,0.2387059514696017,0.014192395,0.014192395,NS,FALSE,NA,FALSE,NA,NA,FALSE,NA
SALL3,-1.022923890669207,0.014261171,0.014261171,Downregulated,FALSE,NA,FALSE,NA,NA,FALSE,NA
BRIP1,-0.7859190756303777,0.014295122,0.014295122,NS,FALSE,NA,FALSE,NA,NA,FALSE,NA
SNORA63E,0.6948570230421872,0.014327155,0.014327155,NS,FALSE,NA,FALSE,NA,NA,FALSE,NA
SLC2A1-DT,0.9052778325058296,0.014346764,0.014346764,NS,FALSE,NA,FALSE,NA,NA,FALSE,NA
ZNF850,0.6514384554723563,0.014400416,0.014400416,NS,FALSE,NA,FALSE,NA,NA,FALSE,NA
LOC105372225,-2.9033965399280808,0.01450088,0.01450088,Downregulated,FALSE,NA,FALSE,NA,NA,FALSE,NA
LINC00324,0.7735481789013219,0.01460468,0.01460468,NS,FALSE,NA,FALSE,NA,NA,FALSE,NA
LOC105372829,2.5221516967441935,0.01463176,0.01463176,Upregulated,FALSE,NA,FALSE,NA,NA,FALSE,NA
NUP54,-0.39792297974618057,0.014703845,0.014703845,NS,FALSE,NA,FALSE,NA,NA,FALSE,NA
MMP1,1.3158711689827929,0.014940535,0.014940535,Upregulated,FALSE,NA,FALSE,NA,NA,FALSE,NA
FGFR1,-0.25840349333534784,0.015039003,0.015039003,NS,FALSE,NA,FALSE,NA,NA,FALSE,NA
LOC100128361,0.48328748407165256,0.015114235,0.015114235,NS,FALSE,NA,FALSE,NA,NA,FALSE,NA
NEDD8-MDP1,0.18099557039343123,0.015250688,0.015250688,NS,FALSE,NA,FALSE,NA,NA,FALSE,NA
GUCY2EP,2.4459462964407277,0.015452379,0.015452379,Upregulated,FALSE,NA,FALSE,NA,NA,FALSE,NA
MCCC2,-0.25731527908723034,0.015507122,0.015507122,NS,FALSE,NA,FALSE,NA,NA,FALSE,NA
AJAP1,-2.750959609697869,0.015547884,0.015547884,Downregulated,FALSE,NA,FALSE,NA,NA,FALSE,NA
MIR1231,1.370760517217632,0.015604526,0.015604526,Upregulated,FALSE,NA,FALSE,NA,NA,FALSE,NA
SMYD3,0.4084322945271376,0.015656817,0.015656817,NS,FALSE,NA,FALSE,NA,NA,FALSE,NA
CD22,1.4857267951424016,0.015860243,0.015860243,Upregulated,FALSE,NA,FALSE,NA,NA,FALSE,NA
TBX15,-1.0748953783959725,0.01588479,0.01588479,Downregulated,FALSE,NA,FALSE,NA,NA,FALSE,NA
DSCC1,-0.7411994790524404,0.015914689,0.015914689,NS,FALSE,NA,FALSE,NA,NA,FALSE,NA
VHLL,2.1051198892927725,0.015924575,0.015924575,Upregulated,FALSE,NA,FALSE,NA,NA,FALSE,NA
LOC107986942,1.8576666420082903,0.016009892,0.016009892,Upregulated,FALSE,NA,FALSE,NA,NA,FALSE,NA
RPL22L1,-0.4853126726707573,0.016011565,0.016011565,NS,FALSE,NA,FALSE,NA,NA,FALSE,NA
LOC497256,1.8738583608956905,0.016022665,0.016022665,Upregulated,FALSE,NA,FALSE,NA,NA,FALSE,NA
MYH7,0.9505578689208716,0.016141509,0.016141509,NS,FALSE,NA,FALSE,NA,NA,FALSE,NA
FAHD1,0.3341593618361687,0.016196072,0.016196072,NS,FALSE,NA,FALSE,NA,NA,FALSE,NA
NMI,-0.677870578949095,0.016253227,0.016253227,NS,FALSE,NA,FALSE,NA,NA,FALSE,NA
LOC107985118,1.5621744077752937,0.016296678,0.016296678,Upregulated,FALSE,NA,FALSE,NA,NA,FALSE,NA
LINC02356,0.54074006826708,0.016417614,0.016417614,NS,FALSE,NA,FALSE,NA,NA,FALSE,NA
FMO6P,2.922161843950689,0.0164199,0.0164199,Upregulated,FALSE,NA,FALSE,NA,NA,FALSE,NA
SORCS3,-1.596250182809387,0.016434655,0.016434655,Downregulated,FALSE,NA,FALSE,NA,NA,FALSE,NA
ADAMTS5,1.631401380347277,0.016466412,0.016466412,Upregulated,FALSE,NA,FALSE,NA,NA,FALSE,NA
MIR181A2HG,0.8785118852843516,0.016481687,0.016481687,NS,FALSE,NA,FALSE,NA,NA,FALSE,NA
MTRNR2L3,-1.2061573477432077,0.016511755,0.016511755,Downregulated,FALSE,NA,FALSE,NA,NA,FALSE,NA
LOC101927045,0.38908572712152856,0.016709531,0.016709531,NS,FALSE,NA,FALSE,NA,NA,FALSE,NA
LINC00683,1.3697529935587116,0.01682592,0.01682592,Upregulated,FALSE,NA,FALSE,NA,NA,FALSE,NA
LOC101929566,1.4451145021604834,0.017180803,0.017180803,Upregulated,FALSE,NA,FALSE,NA,NA,FALSE,NA
KIF11,-0.7096956527033631,0.017203026,0.017203026,NS,FALSE,NA,FALSE,NA,NA,FALSE,NA
LOC105378697,2.0356472280685325,0.01720945,0.01720945,Upregulated,FALSE,NA,FALSE,NA,NA,FALSE,NA
NCOR1,-0.19149786451254977,0.01722489,0.01722489,NS,FALSE,NA,FALSE,NA,NA,FALSE,NA
PGM2L1,0.8731072498062851,0.017319137,0.017319137,NS,FALSE,NA,FALSE,NA,NA,FALSE,NA
LOC105371610,2.0962492547263087,0.017361822,0.017361822,Upregulated,FALSE,NA,FALSE,NA,NA,FALSE,NA
FAM180B,1.4230407230510769,0.017459846,0.017459846,Upregulated,FALSE,NA,FALSE,NA,NA,FALSE,NA
GALNT13,1.0796288808405106,0.017546474,0.017546474,Upregulated,FALSE,NA,FALSE,NA,NA,FALSE,NA
TYMS,-0.5844624764257141,0.01759824,0.01759824,NS,FALSE,NA,FALSE,NA,NA,FALSE,NA
LOC105378450,1.424546972588259,0.017826207,0.017826207,Upregulated,FALSE,NA,FALSE,NA,NA,FALSE,NA
LOC101929698,0.508290119773623,0.017864582,0.017864582,NS,FALSE,NA,FALSE,NA,NA,FALSE,NA
RPH3AL-AS1,2.1153410553184204,0.017894552,0.017894552,Upregulated,FALSE,NA,FALSE,NA,NA,FALSE,NA
PWAR5,-0.4734030342156007,0.017944002,0.017944002,NS,FALSE,NA,FALSE,NA,NA,FALSE,NA
CKAP2,-0.24966271645877716,0.017978561,0.017978561,NS,FALSE,NA,FALSE,NA,NA,FALSE,NA
SSC5D,0.6254007160693493,0.018029637,0.018029637,NS,FALSE,NA,FALSE,NA,NA,FALSE,NA
LOC105375511,2.7175503642012213,0.018033918,0.018033918,Upregulated,FALSE,NA,FALSE,NA,NA,FALSE,NA
JDP2,-0.4955965238867901,0.018038281,0.018038281,NS,FALSE,NA,FALSE,NA,NA,FALSE,NA
PRR5-ARHGAP8,0.7799039083032879,0.018080537,0.018080537,NS,FALSE,NA,FALSE,NA,NA,FALSE,NA
LOC105371216,1.481912262454421,0.018213419,0.018213419,Upregulated,FALSE,NA,FALSE,NA,NA,FALSE,NA
PARL,0.15738594021582555,0.018233229,0.018233229,NS,FALSE,NA,FALSE,NA,NA,FALSE,NA
LINC00184,2.9993425587236295,0.018269648,0.018269648,Upregulated,FALSE,NA,FALSE,NA,NA,FALSE,NA
MIR1976,2.5416317742984935,0.018314397,0.018314397,Upregulated,FALSE,NA,FALSE,NA,NA,FALSE,NA
SNORD127,-1.1393964888634642,0.018343197,0.018343197,Downregulated,FALSE,NA,FALSE,NA,NA,FALSE,NA
RPE65,-2.124964940423873,0.01861879,0.01861879,Downregulated,FALSE,NA,FALSE,NA,NA,FALSE,NA
CLEC1A,3.394771311389984,0.018682704,0.018682704,Upregulated,FALSE,NA,FALSE,NA,NA,FALSE,NA
CDK1,-1.4995169534165242,0.018689149,0.018689149,Downregulated,FALSE,NA,FALSE,NA,NA,FALSE,NA
DDX60,-0.6496548854910597,0.018728101,0.018728101,NS,FALSE,NA,FALSE,NA,NA,FALSE,NA
DCUN1D1,-0.22083164325923876,0.018744127,0.018744127,NS,FALSE,NA,FALSE,NA,NA,FALSE,NA
PCED1B-AS1,1.811906059563125,0.018753174,0.018753174,Upregulated,FALSE,NA,FALSE,NA,NA,FALSE,NA
TREX2,2.1898388855216298,0.018810274,0.018810274,Upregulated,FALSE,NA,FALSE,NA,NA,FALSE,NA
LOC107985584,0.8977143967724671,0.018871168,0.018871168,NS,FALSE,NA,FALSE,NA,NA,FALSE,NA
LOC107987032,2.411625210295909,0.018872031,0.018872031,Upregulated,FALSE,NA,FALSE,NA,NA,FALSE,NA
MIR1276,-2.002674134512455,0.019155955,0.019155955,Downregulated,FALSE,NA,FALSE,NA,NA,FALSE,NA
PROX1,-0.6189470894368679,0.019274946,0.019274946,NS,FALSE,NA,FALSE,NA,NA,FALSE,NA
GPR161,-0.4171223181190989,0.019295016,0.019295016,NS,FALSE,NA,FALSE,NA,NA,FALSE,NA
MIR3614,-0.7544397355822442,0.019304786,0.019304786,NS,FALSE,NA,FALSE,NA,NA,FALSE,NA
NEMP1,-0.4759787368699652,0.019542242,0.019542242,NS,FALSE,NA,FALSE,NA,NA,FALSE,NA
LOC105379329,1.6616796739157642,0.019727622,0.019727622,Upregulated,FALSE,NA,FALSE,NA,NA,FALSE,NA
ND4L,-0.13006855527478003,0.019785664,0.019785664,NS,FALSE,NA,FALSE,NA,NA,FALSE,NA
CD44,-1.0565619640453854,0.019831731,0.019831731,Downregulated,FALSE,NA,FALSE,NA,NA,FALSE,NA
BDKRB1,1.3076610018668076,0.019859649,0.019859649,Upregulated,FALSE,NA,FALSE,NA,NA,FALSE,NA
TYR,-2.216198906806204,0.019964851,0.019964851,Downregulated,FALSE,NA,FALSE,NA,NA,FALSE,NA
NAMPT,-0.8240201980113062,0.020060364,0.020060364,NS,FALSE,NA,FALSE,NA,NA,FALSE,NA
KAT2B,-0.4624967524226631,0.020078107,0.020078107,NS,FALSE,NA,FALSE,NA,NA,FALSE,NA
ZIK1,0.24561029258675823,0.020092867,0.020092867,NS,FALSE,NA,FALSE,NA,NA,FALSE,NA
LOC101928234,-0.9642137237275754,0.020150894,0.020150894,NS,FALSE,NA,FALSE,NA,NA,FALSE,NA
LOC105374352,0.8432698387651204,0.020257021,0.020257021,NS,FALSE,NA,FALSE,NA,NA,FALSE,NA
IL20RA,-1.136985001834464,0.020446285,0.020446285,Downregulated,FALSE,NA,FALSE,NA,NA,FALSE,NA
SLC38A8,2.2666169174519983,0.020455258,0.020455258,Upregulated,FALSE,NA,FALSE,NA,NA,FALSE,NA
WWC1,-1.164633982433345,0.020512842,0.020512842,Downregulated,FALSE,NA,FALSE,NA,NA,FALSE,NA
PAQR5,-0.6291587325231923,0.020542052,0.020542052,NS,FALSE,NA,FALSE,NA,NA,FALSE,NA
RNF121,0.31042428079756,0.020591351,0.020591351,NS,FALSE,NA,FALSE,NA,NA,FALSE,NA
LIPT1,-0.38461989298897065,0.020665824,0.020665824,NS,FALSE,NA,FALSE,NA,NA,FALSE,NA
LOC105374343,-2.626048855905295,0.020728366,0.020728366,Downregulated,FALSE,NA,FALSE,NA,NA,FALSE,NA
LOC374443,-0.48227960694398914,0.020762322,0.020762322,NS,FALSE,NA,FALSE,NA,NA,FALSE,NA
LARS1,-0.3858870486768775,0.020763164,0.020763164,NS,FALSE,NA,FALSE,NA,NA,FALSE,NA
HP1BP3,-0.2381183351046069,0.020793864,0.020793864,NS,FALSE,NA,FALSE,NA,NA,FALSE,NA
C8orf76,0.2585913573396652,0.020831937,0.020831937,NS,FALSE,NA,FALSE,NA,NA,FALSE,NA
BCKDHB,-0.42124264857339416,0.020839832,0.020839832,NS,FALSE,NA,FALSE,NA,NA,FALSE,NA
RNF19A,-0.7644197802961641,0.020950114,0.020950114,NS,FALSE,NA,FALSE,NA,NA,FALSE,NA
ZC3H7B,-0.4000085764433758,0.020952888,0.020952888,NS,FALSE,NA,FALSE,NA,NA,FALSE,NA
LINC00552,3.5715978041770677,0.021053403,0.021053403,Upregulated,FALSE,NA,FALSE,NA,NA,FALSE,NA
DDB1,0.1622831980500592,0.021172091,0.021172091,NS,FALSE,NA,FALSE,NA,NA,FALSE,NA
ECT2,-0.2939768755668161,0.021189293,0.021189293,NS,FALSE,NA,FALSE,NA,NA,FALSE,NA
LINC02902,1.1367453844142854,0.021290209,0.021290209,Upregulated,FALSE,NA,FALSE,NA,NA,FALSE,NA
NIPAL3,0.4122192995487433,0.021297745,0.021297745,NS,FALSE,NA,FALSE,NA,NA,FALSE,NA
LOC105377113,-2.2790931802472403,0.021397159,0.021397159,Downregulated,FALSE,NA,FALSE,NA,NA,FALSE,NA
P3H2-AS1,-0.45832083251129463,0.021466693,0.021466693,NS,FALSE,NA,FALSE,NA,NA,FALSE,NA
PLEKHA4,-0.7645163920576377,0.021486855,0.021486855,NS,FALSE,NA,FALSE,NA,NA,FALSE,NA
LOC105374811,0.5831370863901142,0.021782158,0.021782158,NS,FALSE,NA,FALSE,NA,NA,FALSE,NA
LOC101927823,1.3912040367572511,0.021806184,0.021806184,Upregulated,FALSE,NA,FALSE,NA,NA,FALSE,NA
RIOK2,0.19399539140887417,0.02187948,0.02187948,NS,FALSE,NA,FALSE,NA,NA,FALSE,NA
RPS9,-0.25316281744285424,0.021895212,0.021895212,NS,FALSE,NA,FALSE,NA,NA,FALSE,NA
LINC01275,1.159918348096762,0.022012608,0.022012608,Upregulated,FALSE,NA,FALSE,NA,NA,FALSE,NA
TPST1,0.2817724049433474,0.022057514,0.022057514,NS,FALSE,NA,FALSE,NA,NA,FALSE,NA
DNAJC14,0.1755735155266166,0.022118262,0.022118262,NS,FALSE,NA,FALSE,NA,NA,FALSE,NA
MCUR1,-0.23870575386916223,0.022141412,0.022141412,NS,FALSE,NA,FALSE,NA,NA,FALSE,NA
WIPI2,0.1463038915729193,0.022149601,0.022149601,NS,FALSE,NA,FALSE,NA,NA,FALSE,NA
LOC105373224,3.192339210087006,0.022154547,0.022154547,Upregulated,FALSE,NA,FALSE,NA,NA,FALSE,NA
LOC642929,2.393028343455731,0.022249253,0.022249253,Upregulated,FALSE,NA,FALSE,NA,NA,FALSE,NA
CFHR1,1.5819509244890009,0.022286054,0.022286054,Upregulated,FALSE,NA,FALSE,NA,NA,FALSE,NA
CCDC25,-0.2531573978141553,0.022297655,0.022297655,NS,FALSE,NA,FALSE,NA,NA,FALSE,NA
PLEKHA8P1,0.5685726428798237,0.022310985,0.022310985,NS,FALSE,NA,FALSE,NA,NA,FALSE,NA
TMEM92-AS1,1.2991574603375915,0.022312535,0.022312535,Upregulated,FALSE,NA,FALSE,NA,NA,FALSE,NA
LOC107986453,2.5977766262655693,0.022447969,0.022447969,Upregulated,FALSE,NA,FALSE,NA,NA,FALSE,NA
LOC105375118,2.971550013531509,0.022530516,0.022530516,Upregulated,FALSE,NA,FALSE,NA,NA,FALSE,NA
RNF212,0.4743171234174288,0.022698434,0.022698434,NS,FALSE,NA,FALSE,NA,NA,FALSE,NA
MIR8075,-0.9684632599807598,0.022763944,0.022763944,NS,FALSE,NA,FALSE,NA,NA,FALSE,NA
ZNF542P,0.3123766637835957,0.022766477,0.022766477,NS,FALSE,NA,FALSE,NA,NA,FALSE,NA
LOC105373311,0.8250868292121739,0.023003279,0.023003279,NS,FALSE,NA,FALSE,NA,NA,FALSE,NA
LINC00484,2.558662799012206,0.023028382,0.023028382,Upregulated,FALSE,NA,FALSE,NA,NA,FALSE,NA
RHOT1,-0.2965823481744826,0.023040126,0.023040126,NS,FALSE,NA,TRUE,mito_transport,NA,FALSE,NA
MIR3944,3.588048197293853,0.023042678,0.023042678,Upregulated,FALSE,NA,FALSE,NA,NA,FALSE,NA
FGL1,2.3810989435840977,0.023046163,0.023046163,Upregulated,FALSE,NA,FALSE,NA,NA,FALSE,NA
LOC105372319,2.4178133116550007,0.023075488,0.023075488,Upregulated,FALSE,NA,FALSE,NA,NA,FALSE,NA
LINC02846,1.309474058696781,0.023108024,0.023108024,Upregulated,FALSE,NA,FALSE,NA,NA,FALSE,NA
SOCS1,0.6527820093625979,0.023116962,0.023116962,NS,FALSE,NA,FALSE,NA,NA,FALSE,NA
LOC105376391,-2.4704804565776164,0.023128691,0.023128691,Downregulated,FALSE,NA,FALSE,NA,NA,FALSE,NA
ABT1,0.3490599148413787,0.023349514,0.023349514,NS,FALSE,NA,FALSE,NA,NA,FALSE,NA
LOC105373369,2.305764952200261,0.023371307,0.023371307,Upregulated,FALSE,NA,FALSE,NA,NA,FALSE,NA
LOC105372246,2.2846876205128854,0.02342547,0.02342547,Upregulated,FALSE,NA,FALSE,NA,NA,FALSE,NA
LINC01749,2.4990917057427673,0.023453899,0.023453899,Upregulated,FALSE,NA,FALSE,NA,NA,FALSE,NA
MIR6808,2.4991672451991764,0.02345782,0.02345782,Upregulated,FALSE,NA,FALSE,NA,NA,FALSE,NA
MCOLN1,0.4353882909143312,0.023507183,0.023507183,NS,FALSE,NA,FALSE,NA,NA,FALSE,NA
SALL1,-1.0017687458982163,0.023706894,0.023706894,Downregulated,FALSE,NA,FALSE,NA,NA,FALSE,NA
IKZF1,-1.0942719877873104,0.023821969,0.023821969,Downregulated,FALSE,NA,FALSE,NA,NA,FALSE,NA
NFKB1,-0.6599751436686598,0.023937675,0.023937675,NS,TRUE,downstream,FALSE,NA,NA,FALSE,NA
RNFT1,-0.29572484878932676,0.023961161,0.023961161,NS,FALSE,NA,FALSE,NA,NA,FALSE,NA
LOC105377399,-1.2947522261486222,0.024120415,0.024120415,Downregulated,FALSE,NA,FALSE,NA,NA,FALSE,NA
NPL,-0.7738313376542726,0.024201898,0.024201898,NS,FALSE,NA,FALSE,NA,NA,FALSE,NA
INSR,0.5627448745727883,0.024211196,0.024211196,NS,FALSE,NA,FALSE,NA,NA,FALSE,NA
PTPN3,-0.8696359637459415,0.024225008,0.024225008,NS,FALSE,NA,FALSE,NA,NA,FALSE,NA
CLP1,0.22034531919033673,0.024230933,0.024230933,NS,FALSE,NA,FALSE,NA,NA,FALSE,NA
CYP8B1,1.420215342314277,0.024242057,0.024242057,Upregulated,FALSE,NA,FALSE,NA,NA,FALSE,NA
TBC1D13,0.21189462109778728,0.024497679,0.024497679,NS,FALSE,NA,FALSE,NA,NA,FALSE,NA
LINC00899,-1.4464277963319196,0.024540844,0.024540844,Downregulated,FALSE,NA,FALSE,NA,NA,FALSE,NA
BTC,-0.9714347628868484,0.024683223,0.024683223,NS,FALSE,NA,FALSE,NA,NA,FALSE,NA
LOC105375743,2.5649607599569877,0.024717608,0.024717608,Upregulated,FALSE,NA,FALSE,NA,NA,FALSE,NA
LOC105375193,2.5645243901875436,0.024751603,0.024751603,Upregulated,FALSE,NA,FALSE,NA,NA,FALSE,NA
CHST15,0.6049792713811035,0.024788507,0.024788507,NS,FALSE,NA,FALSE,NA,NA,FALSE,NA
CD8B,1.5868536716266606,0.024840694,0.024840694,Upregulated,FALSE,NA,FALSE,NA,NA,FALSE,NA
LAP3,-0.25098731291390636,0.025169115,0.025169115,NS,FALSE,NA,FALSE,NA,NA,FALSE,NA
PIPOX,-0.6734198571437834,0.025211308,0.025211308,NS,FALSE,NA,FALSE,NA,NA,FALSE,NA
LINC01535,1.0267569931033451,0.025354783,0.025354783,Upregulated,FALSE,NA,FALSE,NA,NA,FALSE,NA
SEPSECS-AS1,-1.1888749256489806,0.025368636,0.025368636,Downregulated,FALSE,NA,FALSE,NA,NA,FALSE,NA
LARGE1-AS1,0.8305891055491675,0.025390603,0.025390603,NS,FALSE,NA,FALSE,NA,NA,FALSE,NA
OPALIN,1.4351731820248428,0.025482119,0.025482119,Upregulated,FALSE,NA,FALSE,NA,NA,FALSE,NA
ASB16-AS1,0.39399882287063737,0.025537713,0.025537713,NS,FALSE,NA,FALSE,NA,NA,FALSE,NA
MTHFD1,-0.4545658629311498,0.025585145,0.025585145,NS,FALSE,NA,FALSE,NA,NA,FALSE,NA
LOC105372960,1.0845592005344218,0.025613167,0.025613167,Upregulated,FALSE,NA,FALSE,NA,NA,FALSE,NA
ARHGAP28-AS1,1.309378979003515,0.025706662,0.025706662,Upregulated,FALSE,NA,FALSE,NA,NA,FALSE,NA
LOC105374334,-0.3504572150522698,0.025767419,0.025767419,NS,FALSE,NA,FALSE,NA,NA,FALSE,NA
SLC45A3,-0.2544783982430577,0.025837822,0.025837822,NS,FALSE,NA,FALSE,NA,NA,FALSE,NA
LOC105378947,1.8431154794016993,0.026057478,0.026057478,Upregulated,FALSE,NA,FALSE,NA,NA,FALSE,NA
LOC102725116,1.41217026753575,0.026478731,0.026478731,Upregulated,FALSE,NA,FALSE,NA,NA,FALSE,NA
LOC105374042,0.8732235820680819,0.026479728,0.026479728,NS,FALSE,NA,FALSE,NA,NA,FALSE,NA
GPR155,0.41539380239483686,0.026517194,0.026517194,NS,FALSE,NA,FALSE,NA,NA,FALSE,NA
TCN2,0.5797764826969022,0.026572903,0.026572903,NS,FALSE,NA,FALSE,NA,NA,FALSE,NA
CDIPTOSP,0.3710412261221824,0.026694709,0.026694709,NS,FALSE,NA,FALSE,NA,NA,FALSE,NA
GUF1,-0.33370023177611086,0.026716892,0.026716892,NS,FALSE,NA,FALSE,NA,NA,FALSE,NA
ALKAL1,2.1192027069651336,0.026863028,0.026863028,Upregulated,FALSE,NA,FALSE,NA,NA,FALSE,NA
LOC107986476,1.0810760954076697,0.026919184,0.026919184,Upregulated,FALSE,NA,FALSE,NA,NA,FALSE,NA
IRF2,-0.4752908054427364,0.027046389,0.027046389,NS,FALSE,NA,FALSE,NA,NA,FALSE,NA
PNOC,1.007154329458394,0.027085846,0.027085846,Upregulated,FALSE,NA,FALSE,NA,NA,FALSE,NA
OSTF1,0.4616210744335616,0.027122474,0.027122474,NS,FALSE,NA,FALSE,NA,NA,FALSE,NA
PITX2,-1.9197875876208528,0.02712693,0.02712693,Downregulated,FALSE,NA,FALSE,NA,NA,FALSE,NA
SNORD64,-0.4947875423182533,0.027215146,0.027215146,NS,FALSE,NA,FALSE,NA,NA,FALSE,NA
ITPRIP-AS1,2.5222918131764764,0.027219079,0.027219079,Upregulated,FALSE,NA,FALSE,NA,NA,FALSE,NA
DLX6-AS1,-3.5407005235907234,0.02734455,0.02734455,Downregulated,FALSE,NA,FALSE,NA,NA,FALSE,NA
LOC105376244,2.737992411667652,0.027387408,0.027387408,Upregulated,FALSE,NA,FALSE,NA,NA,FALSE,NA
PDK1,0.5393150758680981,0.027627363,0.027627363,NS,FALSE,NA,FALSE,NA,NA,FALSE,NA
HCG15,0.4278879566983643,0.027674755,0.027674755,NS,FALSE,NA,FALSE,NA,NA,FALSE,NA
CLEC7A,3.103291555091424,0.027919631,0.027919631,Upregulated,FALSE,NA,FALSE,NA,NA,FALSE,NA
LOC100192426,1.6987354568247566,0.027947834,0.027947834,Upregulated,FALSE,NA,FALSE,NA,NA,FALSE,NA
SAMD1,0.18202157951702908,0.028069537,0.028069537,NS,FALSE,NA,FALSE,NA,NA,FALSE,NA
TEX48,3.1673863855167985,0.028230434,0.028230434,Upregulated,FALSE,NA,FALSE,NA,NA,FALSE,NA
TRAV19,2.3608873178314655,0.028317984,0.028317984,Upregulated,FALSE,NA,FALSE,NA,NA,FALSE,NA
LINC02842,3.8983240595582016,0.028320071,0.028320071,Upregulated,FALSE,NA,FALSE,NA,NA,FALSE,NA
EIF2D,-0.23724242268146753,0.028339393,0.028339393,NS,FALSE,NA,FALSE,NA,NA,FALSE,NA
FBXO2,0.390534696181232,0.028398114,0.028398114,NS,FALSE,NA,FALSE,NA,NA,FALSE,NA
STON1,-0.6985899287723656,0.02839935,0.02839935,NS,FALSE,NA,FALSE,NA,NA,FALSE,NA
GOLGA8M,0.32013172188949124,0.028482349,0.028482349,NS,FALSE,NA,FALSE,NA,NA,FALSE,NA
ADGRL2,0.6358171813849622,0.028588542,0.028588542,NS,FALSE,NA,FALSE,NA,NA,FALSE,NA
NPFFR1,1.047462596076266,0.02862273,0.02862273,Upregulated,FALSE,NA,FALSE,NA,NA,FALSE,NA
LOC105371206,1.375335764262856,0.028789345,0.028789345,Upregulated,FALSE,NA,FALSE,NA,NA,FALSE,NA
CLCN4,0.6994660925627223,0.028813286,0.028813286,NS,FALSE,NA,FALSE,NA,NA,FALSE,NA
LOC105371709,0.3208209153055085,0.028879539,0.028879539,NS,FALSE,NA,FALSE,NA,NA,FALSE,NA
IPO9-AS1,0.2662583069979072,0.028924961,0.028924961,NS,FALSE,NA,FALSE,NA,NA,FALSE,NA
PAPPA,0.9959810186540374,0.028959726,0.028959726,NS,FALSE,NA,FALSE,NA,NA,FALSE,NA
PLEKHA7,-0.36942617359311775,0.028999347,0.028999347,NS,FALSE,NA,FALSE,NA,NA,FALSE,NA
ITPRIP,-0.5393376570021781,0.029124511,0.029124511,NS,FALSE,NA,FALSE,NA,NA,FALSE,NA
FEZF1,-2.9063057986911827,0.029138711,0.029138711,Downregulated,FALSE,NA,FALSE,NA,NA,FALSE,NA
LOC105377106,2.079630774404707,0.029282818,0.029282818,Upregulated,FALSE,NA,FALSE,NA,NA,FALSE,NA
LOC107984126,-0.8131485805146529,0.029343684,0.029343684,NS,FALSE,NA,FALSE,NA,NA,FALSE,NA
LINC02766,0.9271625203402764,0.029347991,0.029347991,NS,FALSE,NA,FALSE,NA,NA,FALSE,NA
SLC25A26,-0.8164142226439244,0.029426282,0.029426282,NS,FALSE,NA,FALSE,NA,NA,FALSE,NA
LOC107984543,2.0346970147604497,0.02949501,0.02949501,Upregulated,FALSE,NA,FALSE,NA,NA,FALSE,NA
LOC105370624,-0.5776051078711296,0.029528123,0.029528123,NS,FALSE,NA,FALSE,NA,NA,FALSE,NA
LOC105371730,-0.31645940559458524,0.029542582,0.029542582,NS,FALSE,NA,FALSE,NA,NA,FALSE,NA
SYTL3,0.18105135087288068,0.02961228,0.02961228,NS,FALSE,NA,FALSE,NA,NA,FALSE,NA
SMIM14,0.2162330663668225,0.029663174,0.029663174,NS,FALSE,NA,FALSE,NA,NA,FALSE,NA
STAT4,1.128885567154957,0.029785893,0.029785893,Upregulated,FALSE,NA,FALSE,NA,NA,FALSE,NA
LINC01659,0.6408944367175224,0.029845837,0.029845837,NS,FALSE,NA,FALSE,NA,NA,FALSE,NA
RAB1A,0.1157478660361095,0.02985904,0.02985904,NS,FALSE,NA,FALSE,NA,NA,FALSE,NA
KCTD9,-0.30428974885851157,0.029916267,0.029916267,NS,FALSE,NA,FALSE,NA,NA,FALSE,NA
LOC105373438,2.164359348093218,0.02998539,0.02998539,Upregulated,FALSE,NA,FALSE,NA,NA,FALSE,NA
DEK,-0.44555944387540297,0.030066264,0.030066264,NS,FALSE,NA,FALSE,NA,NA,FALSE,NA
FAM149A,0.44624567514697866,0.030068393,0.030068393,NS,FALSE,NA,FALSE,NA,NA,FALSE,NA
BTN3A2,-0.6288151279528224,0.030090246,0.030090246,NS,FALSE,NA,FALSE,NA,NA,FALSE,NA
ATP6V1B2,0.3561358674909477,0.030230936,0.030230936,NS,FALSE,NA,FALSE,NA,NA,FALSE,NA
ARHGAP8,0.8077475908150651,0.03030219,0.03030219,NS,FALSE,NA,FALSE,NA,NA,FALSE,NA
LOC107985995,1.4427518704037745,0.030393362,0.030393362,Upregulated,FALSE,NA,FALSE,NA,NA,FALSE,NA
NFATC1,-0.7312002274442343,0.030404892,0.030404892,NS,FALSE,NA,FALSE,NA,NA,FALSE,NA
HLA-L,-0.5941865499574357,0.030434544,0.030434544,NS,FALSE,NA,FALSE,NA,NA,FALSE,NA
JADE2,-0.18797971713879336,0.030445472,0.030445472,NS,FALSE,NA,FALSE,NA,NA,FALSE,NA
UBE2L5,1.1202007753007637,0.03046264,0.03046264,Upregulated,FALSE,NA,FALSE,NA,NA,FALSE,NA
PFKP-DT,0.5394961783783223,0.030531213,0.030531213,NS,FALSE,NA,FALSE,NA,NA,FALSE,NA
LOC105376233,-2.745086620987482,0.030546017,0.030546017,Downregulated,FALSE,NA,FALSE,NA,NA,FALSE,NA
LOC105376272,2.1703634105622207,0.030579809,0.030579809,Upregulated,FALSE,NA,FALSE,NA,NA,FALSE,NA
SPARCL1,-1.8741078257589283,0.030649813,0.030649813,Downregulated,FALSE,NA,FALSE,NA,NA,FALSE,NA
UXT-AS1,-0.10899929740261184,0.030652184,0.030652184,NS,FALSE,NA,FALSE,NA,NA,FALSE,NA
HIC1,0.3510415858055693,0.030713,0.030713,NS,FALSE,NA,FALSE,NA,NA,FALSE,NA
MIR6793,1.6000076531087433,0.030796072,0.030796072,Upregulated,FALSE,NA,FALSE,NA,NA,FALSE,NA
MIR3198-1,-2.168150880288659,0.03080372,0.03080372,Downregulated,FALSE,NA,FALSE,NA,NA,FALSE,NA
LOC105373037,1.6500284852547131,0.030809096,0.030809096,Upregulated,FALSE,NA,FALSE,NA,NA,FALSE,NA
LOC107987077,-1.5411760948477922,0.030879558,0.030879558,Downregulated,FALSE,NA,FALSE,NA,NA,FALSE,NA
LOC105377744,2.0420024064737783,0.030890212,0.030890212,Upregulated,FALSE,NA,FALSE,NA,NA,FALSE,NA
DPP3,0.20969475245282315,0.030898791,0.030898791,NS,FALSE,NA,FALSE,NA,NA,FALSE,NA
LOC105371972,2.279114014263262,0.030991612,0.030991612,Upregulated,FALSE,NA,FALSE,NA,NA,FALSE,NA
PRKACA,0.34995293155687124,0.031087033,0.031087033,NS,FALSE,NA,FALSE,NA,NA,FALSE,NA
KCNS2,0.6596742820649691,0.031155504,0.031155504,NS,FALSE,NA,FALSE,NA,NA,FALSE,NA
TRMT61B,0.202603523089189,0.031181771,0.031181771,NS,FALSE,NA,FALSE,NA,NA,FALSE,NA
EDIL3-DT,1.1115920364109568,0.031348973,0.031348973,Upregulated,FALSE,NA,FALSE,NA,NA,FALSE,NA
MAP3K3,0.3933036845430147,0.031381972,0.031381972,NS,FALSE,NA,FALSE,NA,NA,FALSE,NA
TMEM41A,0.24144914496792308,0.031407842,0.031407842,NS,FALSE,NA,FALSE,NA,NA,FALSE,NA
ZNF626,0.40400930495622694,0.031466758,0.031466758,NS,FALSE,NA,FALSE,NA,NA,FALSE,NA
LOC105378662,-0.663494354802903,0.031481198,0.031481198,NS,FALSE,NA,FALSE,NA,NA,FALSE,NA
PM20D2,-0.4015052723949434,0.031548883,0.031548883,NS,FALSE,NA,FALSE,NA,NA,FALSE,NA
FOSL2,-0.4473510097144454,0.031566622,0.031566622,NS,FALSE,NA,FALSE,NA,NA,FALSE,NA
LDHB,-0.12206573038208844,0.031618025,0.031618025,NS,FALSE,NA,FALSE,NA,NA,FALSE,NA
CIP2A,-0.4676436622387568,0.03162122,0.03162122,NS,FALSE,NA,FALSE,NA,NA,FALSE,NA
SNORA3A,-0.9808291178226536,0.031715408,0.031715408,NS,FALSE,NA,FALSE,NA,NA,FALSE,NA
LRRCC1,-0.5590813238971816,0.031762862,0.031762862,NS,FALSE,NA,FALSE,NA,NA,FALSE,NA
CAPN1-AS1,0.7483920240606597,0.031769306,0.031769306,NS,FALSE,NA,FALSE,NA,NA,FALSE,NA
NPC2,-0.4057464343511258,0.031826754,0.031826754,NS,FALSE,NA,FALSE,NA,NA,FALSE,NA
NCAPG2,-0.32748971102453706,0.031874946,0.031874946,NS,FALSE,NA,FALSE,NA,NA,FALSE,NA
SLC39A12,-3.3294100913129863,0.03195094,0.03195094,Downregulated,FALSE,NA,FALSE,NA,NA,FALSE,NA
HEYL,0.7317135483195162,0.031974264,0.031974264,NS,FALSE,NA,FALSE,NA,NA,FALSE,NA
LOC105370926,1.3590755618547228,0.031987841,0.031987841,Upregulated,FALSE,NA,FALSE,NA,NA,FALSE,NA
GCDH,-0.3557085337800576,0.032015996,0.032015996,NS,FALSE,NA,FALSE,NA,NA,FALSE,NA
GSTM2P1,-1.3250827444469846,0.032045901,0.032045901,Downregulated,FALSE,NA,FALSE,NA,NA,FALSE,NA
MAFK,0.4761803733627856,0.032201312,0.032201312,NS,FALSE,NA,FALSE,NA,NA,FALSE,NA
PSMF1,-0.2044303359697816,0.032268103,0.032268103,NS,FALSE,NA,FALSE,NA,NA,FALSE,NA
LSP1P5,-0.542362807711223,0.032322809,0.032322809,NS,FALSE,NA,FALSE,NA,NA,FALSE,NA
SOD1,-0.13374337550681956,0.032323076,0.032323076,NS,FALSE,NA,TRUE,ros_defense,NA,FALSE,NA
NUP37,-0.36887825728725737,0.03237841,0.03237841,NS,FALSE,NA,FALSE,NA,NA,FALSE,NA
TFE3,-0.19528039690177176,0.032459316,0.032459316,NS,FALSE,NA,FALSE,NA,NA,FALSE,NA
CENPV,-0.40727777185763586,0.032550164,0.032550164,NS,FALSE,NA,FALSE,NA,NA,FALSE,NA
LINC00868,-2.78283474204472,0.032635085,0.032635085,Downregulated,FALSE,NA,FALSE,NA,NA,FALSE,NA
LRIG1,-1.0936893535448655,0.032682569,0.032682569,Downregulated,FALSE,NA,FALSE,NA,NA,FALSE,NA
LOC100288637,-0.7135184915135377,0.032706112,0.032706112,NS,FALSE,NA,FALSE,NA,NA,FALSE,NA
NCL,-0.13616985564826012,0.032775349,0.032775349,NS,FALSE,NA,FALSE,NA,NA,FALSE,NA
SLC16A7,0.45921652562717,0.032780301,0.032780301,NS,FALSE,NA,FALSE,NA,NA,FALSE,NA
SLC6A17-AS1,1.0570539325547148,0.032802272,0.032802272,Upregulated,FALSE,NA,FALSE,NA,NA,FALSE,NA
FABP4,3.188328621233707,0.032827573,0.032827573,Upregulated,FALSE,NA,FALSE,NA,NA,FALSE,NA
VTRNA1-3,-1.1247530762598754,0.032896974,0.032896974,Downregulated,FALSE,NA,FALSE,NA,NA,FALSE,NA
TRIB1,0.6992356041684067,0.032916471,0.032916471,NS,FALSE,NA,FALSE,NA,NA,FALSE,NA
ZAR1,0.08647411996286587,0.033130573,0.033130573,NS,FALSE,NA,FALSE,NA,NA,FALSE,NA
GPRACR,1.4391023521939774,0.0331614,0.0331614,Upregulated,FALSE,NA,FALSE,NA,NA,FALSE,NA
PREB,0.2359967640770072,0.033296389,0.033296389,NS,FALSE,NA,FALSE,NA,NA,FALSE,NA
LOC107985728,1.0570000526681511,0.033345541,0.033345541,Upregulated,FALSE,NA,FALSE,NA,NA,FALSE,NA
LOC101927238,-2.601366932909479,0.033367044,0.033367044,Downregulated,FALSE,NA,FALSE,NA,NA,FALSE,NA
COLEC12,-2.048710723256008,0.033402426,0.033402426,Downregulated,FALSE,NA,FALSE,NA,NA,FALSE,NA
ETNK1-DT,1.2970067198185282,0.033405173,0.033405173,Upregulated,FALSE,NA,FALSE,NA,NA,FALSE,NA
LOC105378116,0.456659216003627,0.0334922,0.0334922,NS,FALSE,NA,FALSE,NA,NA,FALSE,NA
FBXL21P,0.8963899678498828,0.033512848,0.033512848,NS,FALSE,NA,FALSE,NA,NA,FALSE,NA
POLA1,-0.5225533811848083,0.033785109,0.033785109,NS,FALSE,NA,FALSE,NA,NA,FALSE,NA
GHR,-1.069959601936123,0.033797219,0.033797219,Downregulated,FALSE,NA,FALSE,NA,NA,FALSE,NA
LOC105377509,2.283500384276836,0.0338811,0.0338811,Upregulated,FALSE,NA,FALSE,NA,NA,FALSE,NA
TNFSF10,-1.3552239254188874,0.033885053,0.033885053,Downregulated,FALSE,NA,FALSE,NA,NA,FALSE,NA
LOC105378379,1.9474578076123463,0.033921823,0.033921823,Upregulated,FALSE,NA,FALSE,NA,NA,FALSE,NA
ME3-DT,-1.002523861266582,0.03407194,0.03407194,Downregulated,FALSE,NA,FALSE,NA,NA,FALSE,NA
LOC107986606,0.7179495539776843,0.034136566,0.034136566,NS,FALSE,NA,FALSE,NA,NA,FALSE,NA
HPSE,0.6880589539929503,0.034151432,0.034151432,NS,FALSE,NA,FALSE,NA,NA,FALSE,NA
APOD,1.565878417434497,0.034187038,0.034187038,Upregulated,FALSE,NA,FALSE,NA,NA,FALSE,NA
LOC105375751,-0.6713808890965124,0.034204616,0.034204616,NS,FALSE,NA,FALSE,NA,NA,FALSE,NA
LINC02182,1.3625855062005996,0.034204622,0.034204622,Upregulated,FALSE,NA,FALSE,NA,NA,FALSE,NA
RPSA2,-0.22548747309666584,0.03422383,0.03422383,NS,FALSE,NA,FALSE,NA,NA,FALSE,NA
CACNA1S,-1.5262120246094475,0.03447389,0.03447389,Downregulated,FALSE,NA,FALSE,NA,NA,FALSE,NA
CLDN10,-0.6124471374468344,0.034490587,0.034490587,NS,FALSE,NA,FALSE,NA,NA,FALSE,NA
TRAV8-5,2.0155475258425666,0.034507815,0.034507815,Upregulated,FALSE,NA,FALSE,NA,NA,FALSE,NA
GPD2,-0.6392469769685053,0.034530566,0.034530566,NS,FALSE,NA,FALSE,NA,NA,FALSE,NA
MLXIP,0.3284517819501243,0.034536607,0.034536607,NS,FALSE,NA,FALSE,NA,NA,FALSE,NA
OGFRL1,-0.41226594142819106,0.034551298,0.034551298,NS,FALSE,NA,FALSE,NA,NA,FALSE,NA
SSPN,-1.3270980223541151,0.034581233,0.034581233,Downregulated,FALSE,NA,FALSE,NA,NA,FALSE,NA
LOC105379154,-0.9055934575953358,0.034590642,0.034590642,NS,FALSE,NA,FALSE,NA,NA,FALSE,NA
GALNT14,1.0163493358013755,0.034734905,0.034734905,Upregulated,FALSE,NA,FALSE,NA,NA,FALSE,NA
MBP,0.7293945010090331,0.034782511,0.034782511,NS,FALSE,NA,FALSE,NA,NA,FALSE,NA
FOXD4L5,0.6734823091688503,0.034829837,0.034829837,NS,FALSE,NA,FALSE,NA,NA,FALSE,NA
LINC01961,-1.27843033367746,0.0349152,0.0349152,Downregulated,FALSE,NA,FALSE,NA,NA,FALSE,NA
SCUBE2,-1.496573313570854,0.034945229,0.034945229,Downregulated,FALSE,NA,FALSE,NA,NA,FALSE,NA
MIR6891,1.6710269570760117,0.034992169,0.034992169,Upregulated,FALSE,NA,FALSE,NA,NA,FALSE,NA
LOC644554,0.37391005460722976,0.035022861,0.035022861,NS,FALSE,NA,FALSE,NA,NA,FALSE,NA
KDM6A,0.14190063613082324,0.035027483,0.035027483,NS,FALSE,NA,FALSE,NA,NA,FALSE,NA
BTN2A3P,-0.3714476763699732,0.035056636,0.035056636,NS,FALSE,NA,FALSE,NA,NA,FALSE,NA
PTTG1,-0.4823479699734828,0.035062794,0.035062794,NS,FALSE,NA,FALSE,NA,NA,FALSE,NA
FITM2,0.28969582171807534,0.035181586,0.035181586,NS,FALSE,NA,FALSE,NA,NA,FALSE,NA
NAF1,-0.342928458199077,0.035304851,0.035304851,NS,FALSE,NA,FALSE,NA,NA,FALSE,NA
MALT1,-0.32001942274841993,0.035313353,0.035313353,NS,FALSE,NA,FALSE,NA,NA,FALSE,NA
SNORD116-28,-1.0308514200668824,0.035422519,0.035422519,Downregulated,FALSE,NA,FALSE,NA,NA,FALSE,NA
SUN1,-0.2712741850363968,0.035449554,0.035449554,NS,FALSE,NA,FALSE,NA,NA,FALSE,NA
TRIM55,1.1898937174139144,0.035505995,0.035505995,Upregulated,FALSE,NA,FALSE,NA,NA,FALSE,NA
CHDH,-0.9779646619901352,0.035645811,0.035645811,NS,FALSE,NA,FALSE,NA,NA,FALSE,NA
BMPER,0.9683652093162182,0.035754459,0.035754459,NS,FALSE,NA,FALSE,NA,NA,FALSE,NA
NAV1,0.5481880513422303,0.03579907,0.03579907,NS,FALSE,NA,FALSE,NA,NA,FALSE,NA
TYMSOS,-0.3886684912050195,0.035989467,0.035989467,NS,FALSE,NA,FALSE,NA,NA,FALSE,NA
SNORD109A,-0.7833686162786472,0.035996533,0.035996533,NS,FALSE,NA,FALSE,NA,NA,FALSE,NA
LOC105371361,-0.7664944691094436,0.036018454,0.036018454,NS,FALSE,NA,FALSE,NA,NA,FALSE,NA
TGFBR3L,0.4682748793670484,0.036079446,0.036079446,NS,FALSE,NA,FALSE,NA,NA,FALSE,NA
SNX29,0.207413584945084,0.03622087,0.03622087,NS,FALSE,NA,FALSE,NA,NA,FALSE,NA
GFRA3,1.6496692890920464,0.036231944,0.036231944,Upregulated,FALSE,NA,FALSE,NA,NA,FALSE,NA
ARHGAP29,-0.8331462274536019,0.036272503,0.036272503,NS,FALSE,NA,FALSE,NA,NA,FALSE,NA
CRB3,1.146715791884483,0.036332251,0.036332251,Upregulated,FALSE,NA,FALSE,NA,NA,FALSE,NA
HLA-DPA1,1.1613580712868776,0.036438414,0.036438414,Upregulated,FALSE,NA,FALSE,NA,NA,FALSE,NA
DCAF16,-0.1808657893087061,0.036488083,0.036488083,NS,FALSE,NA,FALSE,NA,NA,FALSE,NA
LOC105379252,0.7377018665857874,0.03664549,0.03664549,NS,FALSE,NA,FALSE,NA,NA,FALSE,NA
VPS54,0.16231648626261094,0.036710778,0.036710778,NS,FALSE,NA,FALSE,NA,NA,FALSE,NA
CA7,1.259474164569969,0.036846276,0.036846276,Upregulated,FALSE,NA,FALSE,NA,NA,FALSE,NA
ARPIN,-0.50092454902474,0.036864874,0.036864874,NS,FALSE,NA,FALSE,NA,NA,FALSE,NA
LOC101929550,2.6294330036011977,0.036920868,0.036920868,Upregulated,FALSE,NA,FALSE,NA,NA,FALSE,NA
MIR1182,0.5503313505436388,0.037008054,0.037008054,NS,FALSE,NA,FALSE,NA,NA,FALSE,NA
LRRC37A6P,-1.5143466462735855,0.037080369,0.037080369,Downregulated,FALSE,NA,FALSE,NA,NA,FALSE,NA
RBBP7,-0.222438831658803,0.037195448,0.037195448,NS,FALSE,NA,FALSE,NA,NA,FALSE,NA
ZBTB4,-0.11137648753541786,0.037318986,0.037318986,NS,FALSE,NA,FALSE,NA,NA,FALSE,NA
CYP1A1,0.923917256641108,0.037491619,0.037491619,NS,FALSE,NA,FALSE,NA,NA,FALSE,NA
LOC105369539,-1.663994939140104,0.03760138,0.03760138,Downregulated,FALSE,NA,FALSE,NA,NA,FALSE,NA
SULT1E1,-0.8270013208011519,0.037604456,0.037604456,NS,FALSE,NA,FALSE,NA,NA,FALSE,NA
LOC107987122,1.6263611327988332,0.037614216,0.037614216,Upregulated,FALSE,NA,FALSE,NA,NA,FALSE,NA
SPRYD3,0.19514398629454197,0.037696234,0.037696234,NS,FALSE,NA,FALSE,NA,NA,FALSE,NA
INSIG1-DT,0.6543770060188013,0.037779829,0.037779829,NS,FALSE,NA,FALSE,NA,NA,FALSE,NA
UBE2Q1-AS1,0.19286485056174985,0.037821433,0.037821433,NS,FALSE,NA,FALSE,NA,NA,FALSE,NA
LOC100130744,0.46187630135894736,0.037832863,0.037832863,NS,FALSE,NA,FALSE,NA,NA,FALSE,NA
OR10AD1,1.2935550237643023,0.037884231,0.037884231,Upregulated,FALSE,NA,FALSE,NA,NA,FALSE,NA
LOC642696,-2.615437644413787,0.03794348,0.03794348,Downregulated,FALSE,NA,FALSE,NA,NA,FALSE,NA
FABP7,-1.7848366191931744,0.037958163,0.037958163,Downregulated,FALSE,NA,FALSE,NA,NA,FALSE,NA
LOC105370109,-2.2994378541817357,0.038038868000000003,0.038038868000000003,Downregulated,FALSE,NA,FALSE,NA,NA,FALSE,NA
IRF2BP2,-0.390161607843254,0.038039383,0.038039383,NS,FALSE,NA,FALSE,NA,NA,FALSE,NA
LRATD2,-0.7193938559058412,0.038091172,0.038091172,NS,FALSE,NA,FALSE,NA,NA,FALSE,NA
MSRA,-0.49784189442426485,0.03814463,0.03814463,NS,FALSE,NA,FALSE,NA,NA,FALSE,NA
LOC105376004,1.2325440386540925,0.038248436,0.038248436,Upregulated,FALSE,NA,FALSE,NA,NA,FALSE,NA
USP38-DT,-0.5093034683081205,0.038302614,0.038302614,NS,FALSE,NA,FALSE,NA,NA,FALSE,NA
RARRES2,-0.6133692676000777,0.038512892,0.038512892,NS,FALSE,NA,FALSE,NA,NA,FALSE,NA
TMEM125,0.9197772384278826,0.038530463,0.038530463,NS,FALSE,NA,FALSE,NA,NA,FALSE,NA
LRRK1,0.7056030087461422,0.038612988,0.038612988,NS,FALSE,NA,FALSE,NA,NA,FALSE,NA
TM4SF20,-1.7199015598540102,0.038618603,0.038618603,Downregulated,FALSE,NA,FALSE,NA,NA,FALSE,NA
USP28,-0.3095250136630774,0.038625377,0.038625377,NS,FALSE,NA,FALSE,NA,NA,FALSE,NA
LOC105372356,1.6432842927653954,0.038818988,0.038818988,Upregulated,FALSE,NA,FALSE,NA,NA,FALSE,NA
MTM1,-0.6903189645856048,0.039014166,0.039014166,NS,FALSE,NA,FALSE,NA,NA,FALSE,NA
LINC02308,2.97471745848458,0.039100363,0.039100363,Upregulated,FALSE,NA,FALSE,NA,NA,FALSE,NA
MIR1238,1.5889852335922507,0.03912639,0.03912639,Upregulated,FALSE,NA,FALSE,NA,NA,FALSE,NA
ASPH,-0.2671728040704298,0.039169966,0.039169966,NS,FALSE,NA,FALSE,NA,NA,FALSE,NA
LOC105374209,1.1374241707173034,0.03917514,0.03917514,Upregulated,FALSE,NA,FALSE,NA,NA,FALSE,NA
MIR6862-1,1.588536017530419,0.039188112,0.039188112,Upregulated,FALSE,NA,FALSE,NA,NA,FALSE,NA
MIR6862-2,1.588536017530419,0.039188112,0.039188112,Upregulated,FALSE,NA,FALSE,NA,NA,FALSE,NA
NEDD8,0.1669107051849916,0.039213141,0.039213141,NS,FALSE,NA,FALSE,NA,NA,FALSE,NA
ARID3A,0.5168733709000188,0.039397454,0.039397454,NS,FALSE,NA,FALSE,NA,NA,FALSE,NA
LINC00996,-2.31077323996771,0.039407758,0.039407758,Downregulated,FALSE,NA,FALSE,NA,NA,FALSE,NA
ARL13B,-0.41896268078485954,0.039436633,0.039436633,NS,FALSE,NA,FALSE,NA,NA,FALSE,NA
ALDH3B1,-0.8673183974561323,0.039537378,0.039537378,NS,FALSE,NA,FALSE,NA,NA,FALSE,NA
LOC105371055,0.778273394431006,0.039589808,0.039589808,NS,FALSE,NA,FALSE,NA,NA,FALSE,NA
WTAP,-0.14545710252102373,0.039608109,0.039608109,NS,FALSE,NA,FALSE,NA,NA,FALSE,NA
WBP11P1,0.6618247310775177,0.039801352,0.039801352,NS,FALSE,NA,FALSE,NA,NA,FALSE,NA
KIAA0040,-1.416603908134605,0.039825039,0.039825039,Downregulated,FALSE,NA,FALSE,NA,NA,FALSE,NA
MRPL24,-0.1794974199334898,0.039898494,0.039898494,NS,FALSE,NA,FALSE,NA,NA,FALSE,NA
NNT-AS1,-0.4127278207888806,0.039934802,0.039934802,NS,FALSE,NA,FALSE,NA,NA,FALSE,NA
MIR6833,1.0793750845708503,0.039940429,0.039940429,Upregulated,FALSE,NA,FALSE,NA,NA,FALSE,NA
FAM120A,-0.3687449157942878,0.03995236,0.03995236,NS,FALSE,NA,FALSE,NA,NA,FALSE,NA
POLR1D,-0.2598534406175911,0.040190858,0.040190858,NS,FALSE,NA,FALSE,NA,NA,FALSE,NA
LOC107985576,1.5963076801848453,0.040223221,0.040223221,Upregulated,FALSE,NA,FALSE,NA,NA,FALSE,NA
LOC107986909,1.0511028484708458,0.040255992,0.040255992,Upregulated,FALSE,NA,FALSE,NA,NA,FALSE,NA
LOC107986882,2.4141455952735904,0.040280412,0.040280412,Upregulated,FALSE,NA,FALSE,NA,NA,FALSE,NA
MIR4999,3.121863038371525,0.040323844,0.040323844,Upregulated,FALSE,NA,FALSE,NA,NA,FALSE,NA
DDX60L,-0.3668923858110232,0.040421687,0.040421687,NS,FALSE,NA,FALSE,NA,NA,FALSE,NA
STXBP2,0.42052867432392216,0.040423497,0.040423497,NS,FALSE,NA,FALSE,NA,NA,FALSE,NA
NRXN1-DT,2.4659281656536156,0.04058728,0.04058728,Upregulated,FALSE,NA,FALSE,NA,NA,FALSE,NA
LOC105376146,1.4228171491348656,0.040596167,0.040596167,Upregulated,FALSE,NA,FALSE,NA,NA,FALSE,NA
NTAN1,0.40382048444340746,0.04060478,0.04060478,NS,FALSE,NA,FALSE,NA,NA,FALSE,NA
GPSM3,0.7511460079071491,0.040609066,0.040609066,NS,FALSE,NA,FALSE,NA,NA,FALSE,NA
LOC105374439,-1.1300285409633073,0.040690481,0.040690481,Downregulated,FALSE,NA,FALSE,NA,NA,FALSE,NA
LINC02498,1.4942442910067557,0.040723989,0.040723989,Upregulated,FALSE,NA,FALSE,NA,NA,FALSE,NA
ALDH1L1,-2.767038309994976,0.040752531,0.040752531,Downregulated,FALSE,NA,FALSE,NA,NA,FALSE,NA
LARGE1,0.7726356204199024,0.040825667,0.040825667,NS,FALSE,NA,FALSE,NA,NA,FALSE,NA
DLEU1,-0.28851501736385576,0.040864994,0.040864994,NS,FALSE,NA,FALSE,NA,NA,FALSE,NA
LOC101928466,0.7701702708002767,0.040921334,0.040921334,NS,FALSE,NA,FALSE,NA,NA,FALSE,NA
MYCL-AS1,-0.6638201516461322,0.040945431,0.040945431,NS,FALSE,NA,FALSE,NA,NA,FALSE,NA
DGCR2,0.15482089392668127,0.041001077,0.041001077,NS,FALSE,NA,FALSE,NA,NA,FALSE,NA
TRPS1,-0.3438416546220295,0.041012999,0.041012999,NS,FALSE,NA,FALSE,NA,NA,FALSE,NA
STAM,0.25223462893037507,0.04107182,0.04107182,NS,FALSE,NA,FALSE,NA,NA,FALSE,NA
POP1,0.3125852330285853,0.04111772,0.04111772,NS,FALSE,NA,FALSE,NA,NA,FALSE,NA
NEURL1B,-0.5709278266328007,0.041118129,0.041118129,NS,FALSE,NA,FALSE,NA,NA,FALSE,NA
DGAT2L6,-1.2125554723963516,0.041139444,0.041139444,Downregulated,FALSE,NA,FALSE,NA,NA,FALSE,NA
ITPR2,-0.8288195538984546,0.04120065,0.04120065,NS,FALSE,NA,FALSE,NA,NA,FALSE,NA
CPA5,1.4244776836686643,0.04122782,0.04122782,Upregulated,FALSE,NA,FALSE,NA,NA,FALSE,NA
PCSK5,-0.6354396785495413,0.041308273,0.041308273,NS,FALSE,NA,FALSE,NA,NA,FALSE,NA
SLC25A43,-0.90562492456832,0.041313084,0.041313084,NS,FALSE,NA,FALSE,NA,NA,FALSE,NA
VEGFC,0.7131766098421511,0.04153142,0.04153142,NS,FALSE,NA,FALSE,NA,NA,FALSE,NA
GLUD1,-0.27524168864083765,0.04155793,0.04155793,NS,FALSE,NA,FALSE,NA,NA,FALSE,NA
RUNX1,0.4097031273626685,0.041592416,0.041592416,NS,FALSE,NA,FALSE,NA,NA,FALSE,NA
HNRNPK,-0.15814560627848892,0.041629457,0.041629457,NS,FALSE,NA,FALSE,NA,NA,FALSE,NA
SMC4,-0.5860315586416267,0.041685484,0.041685484,NS,FALSE,NA,FALSE,NA,NA,FALSE,NA
INTS12,-0.2067079464543966,0.04171392,0.04171392,NS,FALSE,NA,FALSE,NA,NA,FALSE,NA
ATP6V1A,0.2434945128352933,0.041750942,0.041750942,NS,FALSE,NA,FALSE,NA,NA,FALSE,NA
LOC101929805,1.083139584129056,0.041786329,0.041786329,Upregulated,FALSE,NA,FALSE,NA,NA,FALSE,NA
TRAPPC8,-0.24001520722221095,0.041797049,0.041797049,NS,FALSE,NA,FALSE,NA,NA,FALSE,NA
SCNN1G,-1.9412978877140288,0.041818904,0.041818904,Downregulated,FALSE,NA,FALSE,NA,NA,FALSE,NA
PSMC1,0.11282044816513226,0.041856209,0.041856209,NS,FALSE,NA,FALSE,NA,NA,FALSE,NA
GINS1,-0.15301161879854053,0.041884778,0.041884778,NS,FALSE,NA,FALSE,NA,NA,FALSE,NA
NTRK2,-0.7256906749737884,0.041929736,0.041929736,NS,FALSE,NA,FALSE,NA,NA,FALSE,NA
NDC80,-1.183262171600541,0.041937485,0.041937485,Downregulated,FALSE,NA,FALSE,NA,NA,FALSE,NA
TKTL1,-2.0591439522248622,0.041961005,0.041961005,Downregulated,FALSE,NA,FALSE,NA,NA,FALSE,NA
LOC105369682,1.8902032374401116,0.041978398,0.041978398,Upregulated,FALSE,NA,FALSE,NA,NA,FALSE,NA
SQOR,-0.6321037771129345,0.041998214,0.041998214,NS,FALSE,NA,FALSE,NA,NA,FALSE,NA
SMARCA5,-0.2562042445136279,0.042059758,0.042059758,NS,FALSE,NA,FALSE,NA,NA,FALSE,NA
LOC105372602,0.7423879203324414,0.042269683,0.042269683,NS,FALSE,NA,FALSE,NA,NA,FALSE,NA
PHYHD1,-0.5111101426352987,0.042271435,0.042271435,NS,FALSE,NA,FALSE,NA,NA,FALSE,NA
LOC644189,1.3281314251856222,0.042321186,0.042321186,Upregulated,FALSE,NA,FALSE,NA,NA,FALSE,NA
CA14,-0.7945684559432374,0.042336775,0.042336775,NS,FALSE,NA,FALSE,NA,NA,FALSE,NA
LOC107984591,1.1203325521124443,0.042351531,0.042351531,Upregulated,FALSE,NA,FALSE,NA,NA,FALSE,NA
MIR6509,2.2940256668305192,0.04236717,0.04236717,Upregulated,FALSE,NA,FALSE,NA,NA,FALSE,NA
TUBB,0.15229194978070637,0.042415751,0.042415751,NS,FALSE,NA,FALSE,NA,NA,FALSE,NA
SAE1,0.18765638037022425,0.042458251,0.042458251,NS,FALSE,NA,FALSE,NA,NA,FALSE,NA
NRIP3-DT,-0.8149264585672861,0.04246026,0.04246026,NS,FALSE,NA,FALSE,NA,NA,FALSE,NA
PHC3,-0.26492219268199635,0.042521485,0.042521485,NS,FALSE,NA,FALSE,NA,NA,FALSE,NA
NCBP2AS2,0.27876685197190426,0.042579403,0.042579403,NS,FALSE,NA,FALSE,NA,NA,FALSE,NA
CENPE,-0.9869831144886656,0.042602128,0.042602128,NS,FALSE,NA,FALSE,NA,NA,FALSE,NA
TLDC2,-0.2795035260858116,0.042693093,0.042693093,NS,FALSE,NA,FALSE,NA,NA,FALSE,NA
POU5F1B,-0.6846413008415123,0.042739866,0.042739866,NS,FALSE,NA,FALSE,NA,NA,FALSE,NA
PDCD6IP,-0.20924512947719975,0.04277397,0.04277397,NS,FALSE,NA,FALSE,NA,NA,FALSE,NA
SDSL,0.5617193758226539,0.042818492,0.042818492,NS,FALSE,NA,FALSE,NA,NA,FALSE,NA
SNORA61,0.37083988737825263,0.042880517,0.042880517,NS,FALSE,NA,FALSE,NA,NA,FALSE,NA
POT1-AS1,-0.7210935169431177,0.042916448,0.042916448,NS,FALSE,NA,FALSE,NA,NA,FALSE,NA
CD14,1.7554032702560942,0.04292686,0.04292686,Upregulated,FALSE,NA,FALSE,NA,NA,FALSE,NA
ANAPC1P4,0.4376758040764513,0.042955711,0.042955711,NS,FALSE,NA,FALSE,NA,NA,FALSE,NA
CSNK1A1,-0.10243990397522434,0.042961362,0.042961362,NS,FALSE,NA,FALSE,NA,NA,FALSE,NA
LOC107984889,1.663704332787349,0.043068437,0.043068437,Upregulated,FALSE,NA,FALSE,NA,NA,FALSE,NA
SEMA6B,0.7047524477108644,0.043136143,0.043136143,NS,FALSE,NA,FALSE,NA,NA,FALSE,NA
PLAAT4,-1.291050268828693,0.043202759,0.043202759,Downregulated,FALSE,NA,FALSE,NA,NA,FALSE,NA
SLC25A18,-0.3368661866470557,0.043245359,0.043245359,NS,FALSE,NA,FALSE,NA,NA,FALSE,NA
LOC112268038,1.0803077820404592,0.043269561,0.043269561,Upregulated,FALSE,NA,FALSE,NA,NA,FALSE,NA
EYA4,-1.77942659322776,0.043416001,0.043416001,Downregulated,FALSE,NA,FALSE,NA,NA,FALSE,NA
GSC,-1.2250951610011251,0.043424413,0.043424413,Downregulated,FALSE,NA,FALSE,NA,NA,FALSE,NA
LOC105374536,-1.667565208490449,0.04347146,0.04347146,Downregulated,FALSE,NA,FALSE,NA,NA,FALSE,NA
CSNK1D,0.15783302489605322,0.043536374,0.043536374,NS,FALSE,NA,FALSE,NA,NA,FALSE,NA
ARL4D,0.9030699928536524,0.043654135,0.043654135,NS,FALSE,NA,FALSE,NA,NA,FALSE,NA
CLYBL-AS3,-0.7635712981750964,0.043703393,0.043703393,NS,FALSE,NA,FALSE,NA,NA,FALSE,NA
MIR32,2.7548471138313655,0.043732601,0.043732601,Upregulated,FALSE,NA,FALSE,NA,NA,FALSE,NA
NR2F6,0.32760052396618566,0.043792075,0.043792075,NS,FALSE,NA,FALSE,NA,NA,FALSE,NA
ARFIP1,-0.26437276020482825,0.043792768,0.043792768,NS,FALSE,NA,FALSE,NA,NA,FALSE,NA
SYTL1,0.7886208091728122,0.043865472,0.043865472,NS,FALSE,NA,FALSE,NA,NA,FALSE,NA
MIR6514,0.895814572432154,0.043939473,0.043939473,NS,FALSE,NA,FALSE,NA,NA,FALSE,NA
LCN1,3.462081913378636,0.04397092,0.04397092,Upregulated,FALSE,NA,FALSE,NA,NA,FALSE,NA
ZEB1,-0.2419671758997773,0.044018741,0.044018741,NS,FALSE,NA,FALSE,NA,NA,FALSE,NA
RETREG3,0.30187357271543963,0.04404328,0.04404328,NS,FALSE,NA,FALSE,NA,NA,FALSE,NA
LINC01909,-1.4225744398610545,0.044047668,0.044047668,Downregulated,FALSE,NA,FALSE,NA,NA,FALSE,NA
FABP6-AS1,1.2144474280228068,0.044101664,0.044101664,Upregulated,FALSE,NA,FALSE,NA,NA,FALSE,NA
DLEU7-AS1,0.9827901084590372,0.044138043,0.044138043,NS,FALSE,NA,FALSE,NA,NA,FALSE,NA
LINC01389,1.2415056451074775,0.044194484,0.044194484,Upregulated,FALSE,NA,FALSE,NA,NA,FALSE,NA
RERE-AS1,1.184001967414846,0.044275071,0.044275071,Upregulated,FALSE,NA,FALSE,NA,NA,FALSE,NA
MARCHF2,0.2685865231072246,0.044471991,0.044471991,NS,FALSE,NA,FALSE,NA,NA,FALSE,NA
TOM1L1,-0.3088097556100407,0.044483786,0.044483786,NS,FALSE,NA,FALSE,NA,NA,FALSE,NA
ZNF212,-0.17995781053640342,0.044514461,0.044514461,NS,FALSE,NA,FALSE,NA,NA,FALSE,NA
MIR1227,0.5115751347867726,0.044519876,0.044519876,NS,FALSE,NA,FALSE,NA,NA,FALSE,NA
YBX3P1,-0.5446068468655899,0.044545098,0.044545098,NS,FALSE,NA,FALSE,NA,NA,FALSE,NA
CLU,-0.5433381253850731,0.044579032,0.044579032,NS,FALSE,NA,FALSE,NA,NA,FALSE,NA
MAPK13,0.30597797454913706,0.044591678,0.044591678,NS,FALSE,NA,FALSE,NA,NA,FALSE,NA
NEDD9,-0.4188102434362824,0.044831829,0.044831829,NS,FALSE,NA,FALSE,NA,NA,FALSE,NA
THAP7-AS1,0.620079838448877,0.044945139,0.044945139,NS,FALSE,NA,FALSE,NA,NA,FALSE,NA
PPM1H,1.0123338015100172,0.04508073,0.04508073,Upregulated,FALSE,NA,FALSE,NA,NA,FALSE,NA
LINC01630,1.5451458157795193,0.045085911,0.045085911,Upregulated,FALSE,NA,FALSE,NA,NA,FALSE,NA
TMEM132A,-0.6145689628064797,0.045097879,0.045097879,NS,FALSE,NA,FALSE,NA,NA,FALSE,NA
FBXL12,0.24789222620996565,0.045186548,0.045186548,NS,FALSE,NA,FALSE,NA,NA,FALSE,NA
DUS4L-BCAP29,-0.21448878718855877,0.045192112,0.045192112,NS,FALSE,NA,FALSE,NA,NA,FALSE,NA
ASCL1,-0.6771603637118874,0.045196064,0.045196064,NS,FALSE,NA,FALSE,NA,NA,FALSE,NA
LOC100652768,0.2854537442024321,0.045197435,0.045197435,NS,FALSE,NA,FALSE,NA,NA,FALSE,NA
GPR158,1.308920988951188,0.045301823,0.045301823,Upregulated,FALSE,NA,FALSE,NA,NA,FALSE,NA
TOMM7,-0.1590987770303281,0.045304808,0.045304808,NS,FALSE,NA,FALSE,NA,NA,FALSE,NA
CIDECP1,0.4012688945708473,0.045372239,0.045372239,NS,FALSE,NA,FALSE,NA,NA,FALSE,NA
LINC01460,-1.049044930627856,0.045409674,0.045409674,Downregulated,FALSE,NA,FALSE,NA,NA,FALSE,NA
LOC107984862,0.7816994931391698,0.045471117,0.045471117,NS,FALSE,NA,FALSE,NA,NA,FALSE,NA
TMEM250,0.2873589507476392,0.045727771,0.045727771,NS,FALSE,NA,FALSE,NA,NA,FALSE,NA
MAMLD1,-0.5800589444033846,0.045745773000000003,0.045745773000000003,NS,FALSE,NA,FALSE,NA,NA,FALSE,NA
SOHLH2,1.131753850014395,0.045803028,0.045803028,Upregulated,FALSE,NA,FALSE,NA,NA,FALSE,NA
STAT3,-0.2538280784463514,0.045948615,0.045948615,NS,FALSE,NA,FALSE,NA,NA,FALSE,NA
NACA,-0.1709672229179518,0.045963298,0.045963298,NS,FALSE,NA,FALSE,NA,NA,FALSE,NA
RNF216-IT1,1.3990749237083286,0.046088428,0.046088428,Upregulated,FALSE,NA,FALSE,NA,NA,FALSE,NA
NEIL2,0.22501990450281945,0.046089516,0.046089516,NS,FALSE,NA,FALSE,NA,NA,FALSE,NA
LOC105374814,1.1499498049761534,0.046108785,0.046108785,Upregulated,FALSE,NA,FALSE,NA,NA,FALSE,NA
MAP2,0.5304275233464533,0.046135382,0.046135382,NS,FALSE,NA,FALSE,NA,NA,FALSE,NA
SLC45A2,1.0332771123629532,0.0462193,0.0462193,Upregulated,FALSE,NA,FALSE,NA,NA,FALSE,NA
LOC403312,0.8374747407069046,0.046268538,0.046268538,NS,FALSE,NA,FALSE,NA,NA,FALSE,NA
BACE2,-0.9706433710687876,0.046269339,0.046269339,NS,FALSE,NA,FALSE,NA,NA,FALSE,NA
KLHL3,0.5952960063198424,0.046292607,0.046292607,NS,FALSE,NA,FALSE,NA,NA,FALSE,NA
NFIB,-0.9469903162854404,0.046321609,0.046321609,NS,FALSE,NA,FALSE,NA,NA,FALSE,NA
SKA1,-1.472603658251795,0.046360515,0.046360515,Downregulated,FALSE,NA,FALSE,NA,NA,FALSE,NA
TMEM106C,-0.4485207583369874,0.046368956,0.046368956,NS,FALSE,NA,FALSE,NA,NA,FALSE,NA
SLC25A51P4,-1.9150330702207743,0.046427993,0.046427993,Downregulated,FALSE,NA,FALSE,NA,NA,FALSE,NA
KLHL23,-0.5164302483953012,0.046441348,0.046441348,NS,FALSE,NA,FALSE,NA,NA,FALSE,NA
TMEM150C,-0.3429862411355919,0.04646932,0.04646932,NS,FALSE,NA,FALSE,NA,NA,FALSE,NA
MRPL39,-0.2034425522746311,0.046474675,0.046474675,NS,FALSE,NA,FALSE,NA,NA,FALSE,NA
ZNF26,0.30473743488146626,0.046506533,0.046506533,NS,FALSE,NA,FALSE,NA,NA,FALSE,NA
CLCN1,1.020316939956918,0.04655765,0.04655765,Upregulated,FALSE,NA,FALSE,NA,NA,FALSE,NA
LHB,0.8226879614973331,0.046560802,0.046560802,NS,FALSE,NA,FALSE,NA,NA,FALSE,NA
CLNS1A,-0.18627001195168016,0.046573913,0.046573913,NS,FALSE,NA,FALSE,NA,NA,FALSE,NA
LOC101929007,1.4585725821877755,0.04659988,0.04659988,Upregulated,FALSE,NA,FALSE,NA,NA,FALSE,NA
NLRP2,-1.548694494746436,0.04660717,0.04660717,Downregulated,FALSE,NA,FALSE,NA,NA,FALSE,NA
LOC641746,-2.234633240643655,0.046616194,0.046616194,Downregulated,FALSE,NA,FALSE,NA,NA,FALSE,NA
SNORD115-10,-2.2343494353335847,0.046651168,0.046651168,Downregulated,FALSE,NA,FALSE,NA,NA,FALSE,NA
EGF,-0.9600441055684694,0.04666873,0.04666873,NS,FALSE,NA,FALSE,NA,NA,FALSE,NA
GAREM2,-0.6733442268741959,0.046736965,0.046736965,NS,FALSE,NA,FALSE,NA,NA,FALSE,NA
SYT9,1.1790665157940663,0.046742362,0.046742362,Upregulated,FALSE,NA,FALSE,NA,NA,FALSE,NA
LOC100506281,0.5980844594752941,0.046749731,0.046749731,NS,FALSE,NA,FALSE,NA,NA,FALSE,NA
TRIM59,-0.5459012246109408,0.046756679,0.046756679,NS,FALSE,NA,FALSE,NA,NA,FALSE,NA
LOC105369335,0.9143708311703844,0.046896144,0.046896144,NS,FALSE,NA,FALSE,NA,NA,FALSE,NA
LOC105379040,3.000250142174354,0.046913378,0.046913378,Upregulated,FALSE,NA,FALSE,NA,NA,FALSE,NA
RIPOR3,-1.905200552542698,0.046981537,0.046981537,Downregulated,FALSE,NA,FALSE,NA,NA,FALSE,NA
STX3,0.3875305013508653,0.046983072,0.046983072,NS,FALSE,NA,FALSE,NA,NA,FALSE,NA
WFIKKN1,0.805596450395082,0.047071614,0.047071614,NS,FALSE,NA,FALSE,NA,NA,FALSE,NA
FAM32A,0.15427460702671528,0.047086489,0.047086489,NS,FALSE,NA,FALSE,NA,NA,FALSE,NA
MIR1909,0.6044252075252128,0.04713023,0.04713023,NS,FALSE,NA,FALSE,NA,NA,FALSE,NA
LRRC58,-0.5481870840033148,0.047175134,0.047175134,NS,FALSE,NA,FALSE,NA,NA,FALSE,NA
CENPH,-0.5559390029613199,0.047214872,0.047214872,NS,FALSE,NA,FALSE,NA,NA,FALSE,NA
LOC101928119,0.5860052874971765,0.047228125,0.047228125,NS,FALSE,NA,FALSE,NA,NA,FALSE,NA
BDH2,-0.3696124467522403,0.047237753,0.047237753,NS,FALSE,NA,FALSE,NA,NA,FALSE,NA
CPE,0.7043895536847766,0.047385607,0.047385607,NS,FALSE,NA,FALSE,NA,NA,FALSE,NA
CXCR5,0.1576710141108489,0.047391656,0.047391656,NS,FALSE,NA,FALSE,NA,NA,FALSE,NA
DAB2,0.5247317276608525,0.047478976,0.047478976,NS,FALSE,NA,FALSE,NA,NA,FALSE,NA
TIMM29,0.22710258205586553,0.047481832,0.047481832,NS,FALSE,NA,FALSE,NA,NA,FALSE,NA
TP53,-0.5181991292396005,0.047481897,0.047481897,NS,FALSE,NA,FALSE,NA,NA,FALSE,NA
GNG12,-0.3892947736497937,0.04749265,0.04749265,NS,FALSE,NA,FALSE,NA,NA,FALSE,NA
NOP53,-0.25376960069719573,0.047506364,0.047506364,NS,FALSE,NA,FALSE,NA,NA,FALSE,NA
ZHX1,0.30552716359085896,0.047568982,0.047568982,NS,FALSE,NA,FALSE,NA,NA,FALSE,NA
LDOC1,0.4284824537876036,0.047640132,0.047640132,NS,FALSE,NA,FALSE,NA,NA,FALSE,NA
LOC105369955,1.4200032906770292,0.04767312,0.04767312,Upregulated,FALSE,NA,FALSE,NA,NA,FALSE,NA
SNORD60,-0.6930266641416326,0.047725283,0.047725283,NS,FALSE,NA,FALSE,NA,NA,FALSE,NA
MICA,-1.1983463604712403,0.047755345,0.047755345,Downregulated,FALSE,NA,FALSE,NA,NA,FALSE,NA
CDK5,0.4289853508581775,0.047802192,0.047802192,NS,FALSE,NA,FALSE,NA,NA,FALSE,NA
KLHL6,1.2416967261839038,0.047843345,0.047843345,Upregulated,FALSE,NA,FALSE,NA,NA,FALSE,NA
MIR4709,-0.3468969586551747,0.047863805,0.047863805,NS,FALSE,NA,FALSE,NA,NA,FALSE,NA
ATP8B1,-1.0411049990173842,0.047894021,0.047894021,Downregulated,FALSE,NA,FALSE,NA,NA,FALSE,NA
POLR1E,-0.3604425236997881,0.048150056,0.048150056,NS,FALSE,NA,FALSE,NA,NA,FALSE,NA
MIR125B2,-1.2709982948476986,0.04815927,0.04815927,Downregulated,FALSE,NA,FALSE,NA,NA,FALSE,NA
TRIM32,0.28145349129287267,0.048214845,0.048214845,NS,FALSE,NA,FALSE,NA,NA,FALSE,NA
ZNF416,0.29884183346779625,0.048227907,0.048227907,NS,FALSE,NA,FALSE,NA,NA,FALSE,NA
CASKIN2,-0.33714721691573885,0.048294332,0.048294332,NS,FALSE,NA,FALSE,NA,NA,FALSE,NA
FABP6,0.9934514062083304,0.048297432,0.048297432,NS,FALSE,NA,FALSE,NA,NA,FALSE,NA
MTUS2-AS1,1.8918721643549743,0.048300281,0.048300281,Upregulated,FALSE,NA,FALSE,NA,NA,FALSE,NA
HOXA5,0.26080567862904763,0.048345562,0.048345562,NS,FALSE,NA,FALSE,NA,NA,FALSE,NA
TRK-CTT3-1,-0.6904476127632432,0.048375788,0.048375788,NS,FALSE,NA,FALSE,NA,NA,FALSE,NA
DNAAF5,-0.3318708972369978,0.048458843,0.048458843,NS,FALSE,NA,FALSE,NA,NA,FALSE,NA
SMARCA5-AS1,-0.2632765294215648,0.048534142,0.048534142,NS,FALSE,NA,FALSE,NA,NA,FALSE,NA
LINC01399,2.4588343821809975,0.048662414,0.048662414,Upregulated,FALSE,NA,FALSE,NA,NA,FALSE,NA
PANX1,0.4148815842111513,0.048720626,0.048720626,NS,TRUE,atp_release,FALSE,NA,NA,TRUE,NA
ARHGEF26,-0.7249567830388539,0.04872255,0.04872255,NS,FALSE,NA,FALSE,NA,NA,FALSE,NA
LOC107985657,1.355136544327454,0.048762436,0.048762436,Upregulated,FALSE,NA,FALSE,NA,NA,FALSE,NA
HACD2,-0.3788667339688134,0.048790964,0.048790964,NS,FALSE,NA,FALSE,NA,NA,FALSE,NA
SGMS1,-0.35225584547175687,0.048798022,0.048798022,NS,FALSE,NA,FALSE,NA,NA,FALSE,NA
CCNE1,0.6371496360700872,0.048828662,0.048828662,NS,FALSE,NA,FALSE,NA,NA,FALSE,NA
GPNMB,0.9194899761047742,0.048900831,0.048900831,NS,FALSE,NA,FALSE,NA,NA,FALSE,NA
RPSAP9,-0.6006041881701122,0.049039939,0.049039939,NS,FALSE,NA,FALSE,NA,NA,FALSE,NA
TMEM72,1.2896540403081,0.049189633,0.049189633,Upregulated,FALSE,NA,FALSE,NA,NA,FALSE,NA
CCDC33,1.23817916199615,0.049220204,0.049220204,Upregulated,FALSE,NA,FALSE,NA,NA,FALSE,NA
PTDSS1,0.21948669037627783,0.04926631,0.04926631,NS,FALSE,NA,FALSE,NA,NA,FALSE,NA
AASS,-0.7386578432329325,0.049300356,0.049300356,NS,FALSE,NA,FALSE,NA,NA,FALSE,NA
RNF26,0.17310967830586868,0.049484435,0.049484435,NS,FALSE,NA,FALSE,NA,NA,FALSE,NA
VASH1-AS1,0.21835198601229464,0.049560892,0.049560892,NS,FALSE,NA,FALSE,NA,NA,FALSE,NA
SPINK2,-1.9039109298033237,0.049603331,0.049603331,Downregulated,FALSE,NA,FALSE,NA,NA,FALSE,NA
C21orf91,-0.5990037443641598,0.049618833,0.049618833,NS,FALSE,NA,FALSE,NA,NA,FALSE,NA
LOC105375271,1.6230766697813963,0.049652261,0.049652261,Upregulated,FALSE,NA,FALSE,NA,NA,FALSE,NA
BARD1,-0.6980589018810305,0.049654019,0.049654019,NS,FALSE,NA,FALSE,NA,NA,FALSE,NA
LOC105371256,-1.1385814420803195,0.04966606,0.04966606,Downregulated,FALSE,NA,FALSE,NA,NA,FALSE,NA
SOX5-AS1,-2.1947953818147026,0.049709969,0.049709969,Downregulated,FALSE,NA,FALSE,NA,NA,FALSE,NA
THAP11,0.10578790356694076,0.049793829,0.049793829,NS,FALSE,NA,FALSE,NA,NA,FALSE,NA
GUSB,-0.28451801033656626,0.049809598,0.049809598,NS,FALSE,NA,FALSE,NA,NA,FALSE,NA
PTEN,-0.21206435838468965,0.04984042,0.04984042,NS,FALSE,NA,FALSE,NA,NA,FALSE,NA
GCSH,-0.3656084367438237,0.049901179,0.049901179,NS,FALSE,NA,FALSE,NA,NA,FALSE,NA
ADRA2A,1.5669168145310062,0.049909971,0.049909971,Upregulated,FALSE,NA,FALSE,NA,NA,FALSE,NA
