"ID","Description","setSize","enrichmentScore","NES","pvalue","p.adjust","qvalue","rank","leading_edge","core_enrichment"
"GO:0005788","endoplasmic reticulum lumen",314,-0.435521346883145,-1.96049755288504,1e-10,3.5210800164979e-08,2.77511232328938e-08,7782,"tags=37%, list=21%, signal=30%","COL27A1/SELENOM/TIMP1/RCN1/FUCA2/CKAP4/CLU/IGFBP5/PDIA3/PLAUR/C3/PCSK9/ERLEC1/POGLUT2/COL4A6/ADAMTS7/KTN1/FKBP10/B2M/PPIB/P4HB/CDH2/PRSS23/PDGFA/WNT1/SERPINC1/IGFBP7/COL6A2/SERPING1/MGAT4A/TXNDC12/LTBP1/LAMC1/RCN2/VTN/CANX/CERCAM/PRKCSH/PDGFB/VCAN/APOB/APOL1/POGLUT3/COL13A1/AMBN/ARSK/ERAP1/TRDN/DNAJB11/PDGFC/GPC3/H6PD/MBTPS1/DNAJC10/SPP1/COL9A1/GAS6/TSPAN33/HYOU1/BPIFB2/ASPH/COL4A5/IL12A/PLOD3/QSOX1/PNPLA2/INS/SUMF1/HSPA5/PROZ/COL6A3/DNAJC3/PENK/PDIA6/CP/TXNDC5/CRTAP/COL11A2/TMEM43/COL5A3/SRL/APOA4/COL7A1/COL1A2/NOTUM/OS9/CALR/COL9A3/HSP90B1/MTTP/COL18A1/TSPAN5/COL14A1/P4HA3/CTSC/NUCB1/LAMB2/LGALS1/COL23A1/COL2A1/GANAB/SERPINH1/EOGT/COL8A2/SDF2L1/SPARCL1/PDIA5/P3H2/COL6A1/TMEM132A/MANF/PDIA4/CYP2W1/CSF1/COLGALT1/COL22A1/DAG1"
"GO:0005925","focal adhesion",424,-0.381453942482041,-1.77204009884752,1.18754806627248e-10,3.5210800164979e-08,2.77511232328938e-08,7933,"tags=38%, list=21%, signal=30%","PARVA/EGFR/ALOX15B/ITGA3/RRAS2/AJUBA/RPL7A/ACTN1/TRIOBP/ARF6/PDIA3/PLAUR/CD59/CTTN/MDC1/BCAR1/CLTC/MAP2K2/MME/ARPC1B/PGM5/RPLP1/ASAP3/LIMS2/RPL23/B2M/EZR/PPIB/P4HB/CDH2/XIRP1/TGM2/CSRP1/PARVG/RPL4/TWF1/AVIL/ITGAV/SPRY4/ACTB/MCAM/SNTB2/RPL13A/MSN/CSPG4/CAV3/RPS13/TLE2/PALLD/SDCBP/ATP6V0A2/PPP1CB/RPS19/CAP1/TEK/PTPN12/RPL31/RPL30/RPS15/RRAS/ITGB2/EPB41L5/TPM4/GJA1/TSPAN9/LMLN/CDH13/GAK/PDCD6IP/BSG/RHOA/FAP/RPL5/MISP/IRF2/RPLP2/RDX/TLN1/LPP/RPL3/ADAM9/CAV2/HYOU1/LIMS4/FERMT2/PLAU/RPS2/RPLP0/GSN/LIMD1/RPS3A/LAP3/RPS16/PAK4/CAV1/G3BP1/TSPAN4/LIMS1/RPL6/MMP14/HSPA5/SYNE2/FLNC/NPM1/LIMS3/CD46/KIF23/RPS8/AHNAK/FLNA/CD81/PABPC1/TGFB1I1/GNB2/CDC42EP1/YES1/SCARF2/RPL7/FBLN7/ITGB4/STX16/FAM107A/CD9/PEAK3/SHC1/RPS9/PLEC/VCL/NCSTN/PTK2B/ACTN3/CALR/LIMA1/EFS/HSP90B1/ICAM1/SORBS1/CTNNB1/ITGB8/SCARB2/ACTN4/CNN3/CD151/IQGAP1/ZNF185/CD99/ZFYVE21/MRC2/TNFSF13B/TRIP6/PARVB/ITGB5/SRP68/VIM/ARHGAP31/REXO2/DAG1/CYFIP1/CD44"
"GO:0030055","cell-substrate junction",434,-0.380191170675346,-1.76286944401767,2.84259807159897e-10,5.61886885486063e-08,4.42846857470155e-08,7933,"tags=37%, list=21%, signal=30%","PARVA/EGFR/ALOX15B/ITGA3/RRAS2/AJUBA/RPL7A/ACTN1/TRIOBP/ARF6/PDIA3/PLAUR/CD59/CTTN/MDC1/BCAR1/CLTC/MAP2K2/MME/ARPC1B/PGM5/RPLP1/ASAP3/LIMS2/RPL23/FERMT3/B2M/EZR/PPIB/P4HB/CDH2/XIRP1/TGM2/CSRP1/PARVG/RPL4/TWF1/AVIL/ITGAV/SPRY4/ACTB/MCAM/SNTB2/RPL13A/MSN/CSPG4/CAV3/RPS13/TLE2/PALLD/SDCBP/ATP6V0A2/PPP1CB/RPS19/CAP1/TEK/PTPN12/RPL31/RPL30/RPS15/RRAS/ITGB2/EPB41L5/TPM4/GJA1/TSPAN9/LMLN/CDH13/GAK/PDCD6IP/BSG/RHOA/FAP/RPL5/MISP/IRF2/RPLP2/RDX/TLN1/LPP/NRAP/RPL3/ADAM9/CAV2/HYOU1/LIMS4/FERMT2/PLAU/RPS2/RPLP0/GSN/LIMD1/RPS3A/LAP3/RPS16/PAK4/CAV1/G3BP1/TSPAN4/LIMS1/RPL6/MMP14/HSPA5/SYNE2/FLNC/NPM1/LIMS3/CD46/KIF23/RPS8/AHNAK/FLNA/CD81/PABPC1/TGFB1I1/GNB2/CDC42EP1/YES1/SCARF2/RPL7/FBLN7/ITGB4/STX16/FAM107A/CD9/PEAK3/SHC1/RPS9/PLEC/VCL/NCSTN/PTK2B/ACTN3/CALR/LIMA1/EFS/HSP90B1/ICAM1/SORBS1/CTNNB1/ITGB8/SCARB2/ACTN4/CNN3/CD151/IQGAP1/ZNF185/CD99/ERBIN/ZFYVE21/MRC2/TNFSF13B/TRIP6/PARVB/ITGB5/SRP68/VIM/ARHGAP31/REXO2/DAG1/CYFIP1/CD44"
"GO:0098687","chromosomal region",403,-0.37125227261681,-1.7178155169444,4.53867716881958e-09,6.72858890277502e-07,5.30308595514709e-07,8158,"tags=35%, list=22%, signal=28%","CLASP1/ORC2/NAT10/H2AC8/TINF2/EZH2/NUF2/DSN1/TRIOBP/CBX3/POLD1/CHMP5/THOC1/MEIKIN/AHCTF1/PRKDC/NUP107/NEK2/CENPQ/RIF1/BUB1B/TOX4/SMARCA5/SGO1/PURA/WRN/MCM5/PPP2R5C/PHF6/NSMCE4A/CDT1/MCM7/CENPV/KASH5/MTBP/MIS18A/ACTB/AURKB/NUP133/STN1/MCM6/IKZF1/RCC2/HSF1/CENPE/MACROH2A1/STAG2/SYCP3/CENPF/H4C6/H4C13/MRE11/PPP1CB/CDC73/ATF7/KMT5C/PARP1/CDC20/SPAG5/SKA1/RAD51AP1/ORC5/ALYREF/SMC5/KAT7/PHF10/SIN3A/KNL1/KIF18A/SETX/CENPB/NUDCD2/TOP2A/NUP43/DSCC1/FBXO28/INCENP/CENPN/THOC2/BIRC5/SPO11/SEH1L/CENPL/TELO2/NUP160/KIF2C/CDCA8/KAT2B/NUP98/ZBTB48/TEP1/NUP37/PLK1/HJURP/ACTL6A/HAT1/PPP2R5A/ATM/ITGB3BP/NCAPG/CSNK1A1/TNKS2/SLF2/NDC80/CDK1/PKHD1/ANAPC16/TERB1/PPP2CB/CENPW/SMCHD1/GAR1/MCM2/SKA3/MIS18BP1/RANGAP1/H4C2/RBBP7/TERT/CENPH/SUV39H1/CDCA5/ORC1/BUB1/CEBPB/POT1/RAD51/CENPA/CENPM/ESCO2/CDK2/DMC1/KNTC1/CCNB1/OIP5/CENPK/RPA1/SMC4/RASSF2/NLRP2/XRCC3/SUN1/SEPTIN2"
"GO:0022626","cytosolic ribosome",114,-0.537753427003014,-2.14686543809486,7.54388104950058e-09,7.45586910392307e-07,5.87628629118993e-07,8321,"tags=57%, list=22%, signal=45%","RPS11/RPL18/RPS20/RPL41/RPL37/RPS5/RPL13/USP10/RPS14/RPS25/RPS4X/RPS23/FAU/RPL28/DHX29/RPL7A/ZNF598/HBS1L/RPS27/RPLP1/ASCC2/RPL29/RPL23/RPS27A/RPL10L/RPL39/RPS21/RPL4/ASCC3/RPL36A/RPL13A/EIF2AK4/RPS13/RPL34/RPL32/RPS19/RPL31/RPL30/RPS15/RPS12/RACK1/RPL5/RPLP2/ETF1/RPL3/RPL27A/RPSA2/RPS2/RPL18A/RPLP0/EIF2A/RPS3A/RPS16/RPL6/RPS24/RPS8/RPL10/RPL7/RPS9/GCN1/RPS6/RPS26/LARP4/EEF1A1/RPS4Y1"
"GO:0062023","collagen-containing extracellular matrix",430,-0.362015901771723,-1.67950743336472,6.6544640203702e-09,7.45586910392307e-07,5.87628629118993e-07,4614,"tags=24%, list=12%, signal=21%","MATN4/A1BG/APOH/PDGFB/VCAN/MARCOL/LAMA5/CDH13/COL13A1/BGN/CTSS/SERPINB6/CCDC80/LTBP4/GPC3/PZP/LEFTY2/COL9A1/HTRA1/MDK/F13A1/FLG/TNXB/NPNT/TPSB2/MARCO/COL4A5/PLOD3/DLG1/CTSH/ELN/RBP3/COL6A3/ANGPT2/NAV2/CBLN4/CSTB/S100A6/AEBP1/BCAM/A2M/DPT/TGFB1I1/MMP23B/FGFR2/FIBCD1/COL11A2/COL5A3/ITGB4/ADAMTS4/APOA4/LAMA2/COL7A1/SBSPON/HDGF/AMELY/COL1A2/CCN3/LAMA1/CALR/APOC3/CTSD/COL6A6/COL9A3/HSP90B1/EFEMP2/NDP/COL18A1/ADAMTS9/ICAM1/COL14A1/EMILIN3/CTSC/LAMB2/LGALS1/COL23A1/LTBP3/LMAN1L/ITIH5/ANXA11/COL2A1/CD151/SERPINH1/SERPINB1/ERBIN/AGRN/LAMC3/COL8A2/FBLN5/CTSF/SPARCL1/COLEC12/ADAMTS8/SEMA3B/LGALS3/PSAP/P3H2/COL6A1/THSD4/NPPA/MFAP2/RARRES2/COL22A1/DAG1"
"GO:0097060","synaptic membrane",453,0.426732375412712,1.66823346480753,2.87141802374048e-08,2.432501268683e-06,1.91715729705379e-06,6969,"tags=37%, list=18%, signal=30%","ANK1/CHRNA9/GRM2/SLC4A8/SHC4/SORCS2/KCNC3/ASIC2/KCNA1/ADRA2A/HCN1/GPR158/GRIK1/NTNG2/LRRTM4/KCNJ9/GRIA2/GABRA5/KCNJ11/HTR3D/CHRM3/ZDHHC17/GRIN2A/STX1A/CRHR1/ADAM22/NRXN3/CSPG5/ABCC8/GSG1L/NRP1/DRD2/ZC4H2/GLRA1/FAIM2/GABBR2/PRKCG/GRIP1/GABRA3/PCDH8/PSENEN/SYNDIG1/ADCY8/ATP2B1/GABRE/NETO1/KCTD16/ITGA8/EPHA4/NETO2/KCNA3/RGS7BP/SLC5A7/ANK3/CACNA2D2/SLITRK3/PTPRD/GABBR1/LRFN5/DTNBP1/GRID2IP/NRXN1/CLTB/GRIA3/GLRA2/RIMS4/GRIA4/SYT1/GRID2/UNC13A/FBXO2/LHFPL4/CACNG2/SLC6A3/TRAPPC4/NRXN2/ABHD17C/NLGN3/RIMS1/MTMR2/SEMA4D/CHRNA4/HTR2A/GABRB3/ELFN1/SLC16A7/RIMS2/FLRT2/SLC1A6/ADORA1/PCDH17/MAGEE1/PPFIA2/DGKI/LRFN2/LIN7A/CLSTN2/SLITRK1/KCNB1/SNAP25/SYP/ATAD1/CHRM4/CNKSR2/CHRNB4/IQSEC3/SYT7/IL1RAPL1/CLSTN3/ADORA3/LINGO2/CNTN6/KCNA2/CHRNA2/AP2M1/SIGMAR1/LRRTM2/GRIA1/STX3/HIP1R/SLC12A5/NPTN/GRID1/CNTN1/DCC/CACNA1C/GRIPAP1/SCN2A/PCDH10/RIMS3/PICK1/GRIK2/LRRTM1/NIPSNAP1/SHISA7/SHANK1/SUSD4/LRFN1/GRIK3/SLC6A1/ADGRB3/SLC6A11/TAMALIN/SEMA4C/KCNC1/SEMA4F/RALA/CSMD2/CNR1/SNAP91/GPHN/ADAM11/CDH8/ELFN2/KCNK2/CHRNB2/DGKB/PNOC/HTR1B/CACNG7/SRGAP2/PDE2A/IGSF9/SARM1/SYNE1/SLITRK5"
"GO:0043296","apical junction complex",154,-0.454239914957749,-1.89721775234932,4.37697388033014e-07,3.24443188879472e-05,2.55707421429814e-05,7566,"tags=40%, list=20%, signal=32%","ADCYAP1R1/CLDN24/RPGRIP1L/MPDZ/CDH1/RAP2B/ILDR2/CLMP/YBX3/WNK4/KIFC3/CLDN22/FRMD6/NPHP1/FZD5/ACTB/PLEKHA7/PARD6B/TJAP1/FBF1/CLDN16/SHROOM1/TBCD/CTNND1/PDCD6IP/RHOA/EPCAM/PKN2/ESAM/CDH5/SH3BP1/YAP1/F11R/CRB2/SHROOM2/DLG1/JAM2/PALS1/ARHGAP17/CLDN19/TJP1/MICALL2/CLDN2/CCDC88C/CDK4/IGSF5/CLDN1/AJM1/VCL/RAB13/CRB3/PARD3B/ECT2/SORBS1/CTNNB1/POPDC1/PMP22/CLDN10/TJP2/C1QTNF5/WWTR1"
"GO:0005840","ribosome",241,-0.388898996738156,-1.7098635144983,8.38038379019135e-07,5.52174176398163e-05,4.35191859981867e-05,8781,"tags=42%, list=23%, signal=32%","RPL13/MRPL37/USP10/RPS14/RPS25/MRPL43/MRPL40/MRPL3/MRPL42/MRPS26/MRPL2/RPS4X/RPS23/FAU/RPL28/DHX29/EIF2AK2/MRPL10/RPL7A/ZNF598/HBS1L/FXR1/RSL24D1/RPS27/RBM3/RPLP1/ASCC2/RPL29/RPL23/RPS27A/RPL10L/MRPS6/MRPL57/RPL39/RPS21/RPL4/FUBP3/ASCC3/MRPL11/RPL36A/MRPL4/RPL13A/EIF2AK4/LINC00537/RPS13/MRPS7/RPL34/RPL32/RPS19/RPL31/RPL30/PTCD3/RPS15/RPS12/NSUN4/RACK1/RPL5/MRPS30/MRPL27/SF1/RPLP2/ETF1/RPL3/RPL27A/SERP1/RPSA2/RPS2/RPL18A/RPLP0/MRPL41/EIF2A/RPS3A/PNPT1/RPS16/RPL6/NUFIP2/DAZL/MRPL36/RPS24/MRPL14/MRPS24/RPS8/RPL10/MRPL16/RPL7/RPS9/MRPL19/MRPL39/MPV17L2/CALR/GCN1/DAP3/RPS6/NCK1/RPS26/LARP4/NR0B1/EEF1A1/SRP68/RPL22L1/RPS4Y1"
"GO:0045211","postsynaptic membrane",321,0.438135670496891,1.67778596276115,1.00146332309853e-06,5.93867750597429e-05,4.68052332058682e-05,6969,"tags=36%, list=18%, signal=30%","ANK1/CHRNA9/GRM2/SHC4/SORCS2/KCNC3/ASIC2/KCNA1/ADRA2A/HCN1/GPR158/GRIK1/LRRTM4/GRIA2/GABRA5/HTR3D/CHRM3/GRIN2A/CRHR1/ADAM22/CSPG5/GSG1L/NRP1/DRD2/ZC4H2/GLRA1/FAIM2/GABBR2/GRIP1/GABRA3/PCDH8/SYNDIG1/GABRE/NETO1/KCTD16/ITGA8/EPHA4/NETO2/KCNA3/RGS7BP/ANK3/SLITRK3/GABBR1/LRFN5/DTNBP1/GRID2IP/GRIA3/GLRA2/GRIA4/SYT1/GRID2/FBXO2/LHFPL4/CACNG2/SLC6A3/TRAPPC4/ABHD17C/NLGN3/SEMA4D/CHRNA4/HTR2A/GABRB3/ELFN1/SLC16A7/FLRT2/ADORA1/PCDH17/MAGEE1/LRFN2/LIN7A/CLSTN2/SLITRK1/KCNB1/ATAD1/CHRM4/CNKSR2/CHRNB4/IQSEC3/IL1RAPL1/CLSTN3/KCNA2/CHRNA2/SIGMAR1/LRRTM2/GRIA1/SLC12A5/GRID1/CNTN1/DCC/CACNA1C/PCDH10/GRIK2/LRRTM1/SHISA7/SHANK1/SUSD4/LRFN1/GRIK3/SLC6A1/ADGRB3/SLC6A11/TAMALIN/SEMA4C/KCNC1/SEMA4F/CSMD2/GPHN/ELFN2/KCNK2/CHRNB2/DGKB/CACNG7/SRGAP2/IGSF9/SYNE1/SLITRK5"
"GO:0022627","cytosolic small ribosomal subunit",41,-0.669111870890724,-2.22191750029218,1.41280251240436e-06,7.61628990777986e-05,6.00272072256015e-05,10198,"tags=71%, list=27%, signal=52%","RPS11/RPS20/RPS5/RPS14/RPS25/RPS4X/RPS23/FAU/DHX29/RPS27/RPS27A/RPS21/RPS13/RPS19/RPS15/RPS12/RACK1/RPSA2/RPS2/EIF2A/RPS3A/RPS16/RPS24/RPS8/RPS9/RPS6/RPS26/LARP4/RPS4Y1"
"GO:0030684","preribosome",106,-0.496099773170688,-1.95909734497395,2.22582077200083e-06,0.000109530750547523,8.63258245195705e-05,10244,"tags=53%, list=27%, signal=39%","WDR36/RPS11/EMG1/DHX37/UTP25/NIP7/PNO1/RPS5/NSA2/RPS14/HEATR1/RRP9/RPS4X/RPS23/NAT10/PPAN/RPS27/RPS19BP1/RRP36/SLX9/PRKDC/UTP20/RRP7BP/WDR43/RPS27A/WDR3/WDR75/NOP14/RRS1/TBL3/NOL10/RRP7A/DCAF13/UTP6/RPS13/RPS19/UTP18/FBL/PES1/RPS12/MAK16/UTP14A/NOL6/RRP1B/PWP2/RPS3A/NOB1/RPS16/RPS24/UTP15/NOC4L/RPS8/LOC102724159/RPS9/RPS6/KRI1"
"GO:0098984","neuron to neuron synapse",412,0.410746286458788,1.59631711531568,2.58588618493308e-06,0.000109530750547523,8.63258245195705e-05,6997,"tags=35%, list=19%, signal=29%","CALCA/SLC4A8/SORCS2/ASIC2/ADRA2A/GPR158/DMTN/GRIK1/RAPGEF4/NGFR/GRIA2/RUSC1/AKAP7/SYT9/GRIN2A/CAMK2D/CRHR1/CASP3/ADAM22/GNG3/GSG1L/PRKCG/MAPK8IP2/GRIP1/BRSK1/SYNDIG1/ZDHHC2/SH3KBP1/SH3GL3/ADCY8/SH2D5/LZTS3/NETO1/ITGA8/NEFH/SLC8A1/CPEB4/EPHA4/INSYN2A/NETO2/CPEB1/RGS7BP/CDK5/SLITRK3/PTPRD/LRFN5/CAMK2B/MPP2/DTNBP1/GRID2IP/KALRN/PSD3/GRIA3/DLGAP2/CABP1/GRIA4/SYT1/NSF/GRID2/DRP2/CACNG2/ADGRA1/TRAPPC4/SLC8A3/ARHGEF9/ABHD17C/NLGN3/MTMR2/ATP1A3/CADM1/ELFN1/SLC16A7/LZTS1/YWHAZ/DLGAP3/HOMER1/ADORA1/SOS1/PPFIA2/DGKI/CAMK1/GAP43/LRFN2/LIN7A/CLSTN2/SLITRK1/FAM81A/DROSHA/CNKSR2/SAMD14/IQSEC3/SYT7/CLSTN3/C1QL3/NCS1/ATP7A/PSD/SIGMAR1/LRRTM2/CDK5R1/GRIA1/ANKS1B/DTNB/PDYN/HIP1R/NPTN/GRID1/RTN1/ROGDI/DCC/CACNA1C/YWHAH/SLC1A1/RS1/PICK1/CALB1/PAK6/GRIK2/PLXNA4/ADD2/SHISA7/SHANK1/LRFN1/GRIK3/ADGRB3/INSYN1/TAMALIN/SEMA4C/SYN1/SEMA4F/ADGRB1/CSMD2/GPHN/MAGI2/ELFN2/KCNK2/PRICKLE1/CACNG7/SRGAP2/SYNPO/IGSF9/SLITRK5/RNF112/RTN3"
"GO:0032279","asymmetric synapse",375,0.411673903693311,1.59062714330047,2.57711310116462e-06,0.000109530750547523,8.63258245195705e-05,6997,"tags=35%, list=19%, signal=29%","SLC4A8/SORCS2/ASIC2/ADRA2A/GPR158/DMTN/GRIK1/NGFR/GRIA2/RUSC1/GRIN2A/CAMK2D/CRHR1/CASP3/ADAM22/GNG3/GSG1L/PRKCG/MAPK8IP2/GRIP1/BRSK1/SYNDIG1/ZDHHC2/SH3KBP1/SH3GL3/ADCY8/SH2D5/LZTS3/NETO1/ITGA8/NEFH/SLC8A1/CPEB4/EPHA4/INSYN2A/NETO2/CPEB1/RGS7BP/CDK5/SLITRK3/LRFN5/CAMK2B/MPP2/DTNBP1/GRID2IP/KALRN/PSD3/GRIA3/DLGAP2/CABP1/GRIA4/SYT1/NSF/GRID2/DRP2/CACNG2/ADGRA1/TRAPPC4/SLC8A3/ARHGEF9/ABHD17C/NLGN3/MTMR2/CADM1/ELFN1/SLC16A7/LZTS1/DLGAP3/HOMER1/ADORA1/SOS1/PPFIA2/DGKI/CAMK1/GAP43/LRFN2/LIN7A/CLSTN2/SLITRK1/FAM81A/DROSHA/CNKSR2/SAMD14/IQSEC3/CLSTN3/NCS1/ATP7A/PSD/SIGMAR1/LRRTM2/CDK5R1/GRIA1/ANKS1B/DTNB/HIP1R/NPTN/GRID1/RTN1/DCC/CACNA1C/YWHAH/SLC1A1/PICK1/PAK6/GRIK2/PLXNA4/ADD2/SHISA7/SHANK1/LRFN1/GRIK3/ADGRB3/INSYN1/TAMALIN/SEMA4C/SYN1/SEMA4F/ADGRB1/CSMD2/GPHN/MAGI2/ELFN2/KCNK2/PRICKLE1/CACNG7/SRGAP2/SYNPO/IGSF9/SLITRK5/RNF112/RTN3"
"GO:0032040","small-subunit processome",74,-0.545829672729175,-2.03325541000809,3.97932089105699e-06,0.000157315819226453,0.00012398726144767,10478,"tags=61%, list=28%, signal=44%","KRR1/WDR36/RPS11/EMG1/DHX37/UTP25/PNO1/RPS5/RPS14/HEATR1/RRP9/RPS4X/RPS23/NAT10/RPS27/RPS19BP1/PRKDC/UTP20/WDR43/RPS27A/WDR3/WDR75/NOP14/TBL3/NOL10/RRP7A/DCAF13/UTP6/RPS13/RPS19/UTP18/FBL/RPS12/UTP14A/NOL6/PWP2/RPS3A/RPS16/RPS24/UTP15/NOC4L/RPS8/LOC102724159/RPS9/RPS6"
"GO:0099572","postsynaptic specialization",396,0.400047322803058,1.55096089893767,7.32045886694725e-06,0.000271314506756233,0.000213834456376617,6997,"tags=34%, list=19%, signal=28%","SORCS2/ASIC2/ADRA2A/GPR158/DMTN/GRIK1/NGFR/GRIA2/RUSC1/GABRA5/GRIN2A/CAMK2D/CRHR1/CASP3/ADAM22/GNG3/GSG1L/PRKCG/MAPK8IP2/GRIP1/BRSK1/SYNDIG1/ZDHHC2/SH3KBP1/SH3GL3/ADCY8/SH2D5/LZTS3/NETO1/ITGA8/NEFH/SLC8A1/CPEB4/EPHA4/INSYN2A/NETO2/CPEB1/RGS7BP/CDK5/SLITRK3/LRFN5/CAMK2B/MPP2/DTNBP1/GRID2IP/KALRN/PSD3/GRIA3/GLRA2/DLGAP2/CABP1/GRIA4/SYT1/NSF/GRID2/DRP2/LHFPL4/CACNG2/ADGRA1/TRAPPC4/SLC8A3/ARHGEF9/ABHD17C/NLGN3/MTMR2/CADM1/GABRB3/ELFN1/SLC16A7/LZTS1/DLGAP3/HOMER1/SOS1/PPFIA2/DGKI/CAMK1/GAP43/LRFN2/LIN7A/CLSTN2/SLITRK1/KCNB1/FAM81A/DROSHA/CNKSR2/CHRNB4/SAMD14/IQSEC3/CLSTN3/NCS1/ATP7A/PSD/SIGMAR1/LRRTM2/CDK5R1/GRIA1/ANKS1B/DTNB/HIP1R/SLC12A5/NPTN/GRID1/RTN1/DCC/CACNA1C/PICK1/PAK6/GRIK2/LRRTM1/ADD2/SHISA7/SHANK1/LRFN1/GRIK3/ADGRB3/INSYN1/TAMALIN/SEMA4C/SYN1/SEMA4F/ADGRB1/CSMD2/GPHN/MAGI2/ELFN2/KCNK2/CHRNB2/PRICKLE1/CACNG7/SRGAP2/SYNPO/IGSF9/SLITRK5/RNF112/RTN3"
"GO:0070160","tight junction",134,-0.442656332393777,-1.81305641337443,7.86126373553921e-06,0.00027421937618675,0.000216123907032781,7566,"tags=36%, list=20%, signal=29%","ADCYAP1R1/CLDN24/RPGRIP1L/MPDZ/RAP2B/ILDR2/CLMP/YBX3/WNK4/CLDN22/NPHP1/FZD5/ACTB/PARD6B/TJAP1/CLDN16/GJA1/TBCD/PDCD6IP/EPCAM/ESAM/CDH5/SH3BP1/YAP1/F11R/SHROOM2/DLG1/JAM2/PALS1/ARHGAP17/CLDN19/TJP1/MICALL2/CLDN2/CDK4/IGSF5/CLDN1/RAB13/CRB3/PARD3B/ECT2/CTNNB1/POPDC1/PMP22/CLDN10/TJP2/C1QTNF5/WWTR1"
"GO:0014069","postsynaptic density",359,0.41288366004897,1.59121765744238,1.39901173885412e-05,0.000460896645078051,0.000363252170790192,6997,"tags=35%, list=19%, signal=29%","SORCS2/ASIC2/ADRA2A/GPR158/DMTN/GRIK1/NGFR/GRIA2/RUSC1/GRIN2A/CAMK2D/CRHR1/CASP3/ADAM22/GNG3/GSG1L/PRKCG/MAPK8IP2/GRIP1/BRSK1/SYNDIG1/ZDHHC2/SH3KBP1/SH3GL3/ADCY8/SH2D5/LZTS3/NETO1/ITGA8/NEFH/SLC8A1/CPEB4/EPHA4/INSYN2A/NETO2/CPEB1/RGS7BP/CDK5/SLITRK3/LRFN5/CAMK2B/MPP2/DTNBP1/GRID2IP/KALRN/PSD3/GRIA3/DLGAP2/CABP1/GRIA4/SYT1/NSF/GRID2/DRP2/CACNG2/ADGRA1/TRAPPC4/SLC8A3/ARHGEF9/ABHD17C/MTMR2/CADM1/ELFN1/SLC16A7/LZTS1/DLGAP3/HOMER1/SOS1/PPFIA2/DGKI/CAMK1/GAP43/LRFN2/LIN7A/CLSTN2/SLITRK1/FAM81A/DROSHA/CNKSR2/SAMD14/IQSEC3/CLSTN3/NCS1/ATP7A/PSD/SIGMAR1/LRRTM2/CDK5R1/GRIA1/ANKS1B/DTNB/HIP1R/NPTN/GRID1/RTN1/DCC/CACNA1C/PICK1/PAK6/GRIK2/ADD2/SHISA7/SHANK1/LRFN1/GRIK3/ADGRB3/INSYN1/TAMALIN/SEMA4C/SYN1/SEMA4F/ADGRB1/CSMD2/GPHN/MAGI2/ELFN2/KCNK2/PRICKLE1/CACNG7/SRGAP2/SYNPO/IGSF9/SLITRK5/RNF112/RTN3"
"GO:0005923","bicellular tight junction",128,-0.444590752687355,-1.80917167369616,1.62567999656588e-05,0.00050738328313872,0.000399890259543076,7566,"tags=36%, list=20%, signal=29%","ADCYAP1R1/CLDN24/RPGRIP1L/MPDZ/RAP2B/ILDR2/CLMP/YBX3/WNK4/CLDN22/NPHP1/FZD5/PARD6B/TJAP1/CLDN16/TBCD/PDCD6IP/EPCAM/ESAM/CDH5/SH3BP1/YAP1/F11R/SHROOM2/DLG1/JAM2/PALS1/ARHGAP17/CLDN19/TJP1/MICALL2/CLDN2/CDK4/IGSF5/CLDN1/RAB13/CRB3/PARD3B/ECT2/CTNNB1/POPDC1/PMP22/CLDN10/TJP2/C1QTNF5/WWTR1"
"GO:0150034","distal axon",281,0.427090256361739,1.61812742394618,2.17492834925023e-05,0.000644866255552693,0.000508246414245843,10772,"tags=54%, list=29%, signal=39%","SNCG/CALCA/SLC4A8/KCNC3/KCNA1/ADRA2A/CPLX2/NRSN1/NGFR/CRHR2/STMN4/USH2A/RASGRF1/PCSK1/RAB3A/DRD2/SLC17A8/TRPC5/FGF13/PRKCG/HCN3/SNCA/BRSK1/CPLX1/BRSK2/CDK5R2/PRSS12/SLC8A1/CRHBP/CPEB4/EPHA4/KCNA3/NEFL/CDK5/CFL1/GDPD5/ATP6V0D1/DTNBP1/NRXN1/ITGA4/STMN2/UNC13A/SLC6A3/KIF5C/CLASP2/SLC8A3/TIAM2/PTPRN/MICAL1/TNN/ELFN1/MAP2/CALM3/NMU/CLCN3/ADORA1/SCN9A/KCNA6/INPP5J/SLC4A10/PINK1/ELAVL4/GAP43/SNAP25/SYP/WHRN/CRMP1/APP/TUBB3/AAK1/KCNA2/OPHN1/SIGMAR1/CDK5R1/STX3/L1CAM/STMN3/PDYN/SLC18A3/RAC3/DCC/SLC1A1/NTS/GPRIN1/CALB1/KLC1/GRIK2/LRRTM1/BASP1/MAPT/PAFAH1B1/GRIK3/NDRG2/APBB1/FEZ1/NIN/IGF2BP1/ATCAY/KCNC1/ZFYVE27/PACSIN1/CNR1/ADCY10/CDH8/KCNK2/PNOC/HTR1B/CALM2/HAP1/GHRH/CXADR/EXOC6/SCN11A/CALM1/DSCAM/ADGRL1/RUFY3/KATNB1/BIN1/GPM6A/NECTIN1/HSP90AA1/ARHGAP4/OLFM1/UCN/PCDH9/CDKL5/LMTK2/MYO5A/SEPTIN6/ITGA2/KIF21A/MYH14/NGEF/HSPA8/CHRM2/GRIN1/KIF21B/TSPOAP1/DCTN2/UNC5C/ABI1/WDR47/PRNP/ERC2/KCNC4/APBB2/PTPRO/SNCB/SHTN1/TENM2/PRRT2"
"GO:0032809","neuronal cell body membrane",30,0.713171603627952,1.97710753537552,3.29563564406962e-05,0.000888323607696947,0.000700125466969814,6592,"tags=63%, list=17%, signal=52%","SLC4A8/KCNC3/GABRA5/INSR/KCNB2/ADCY8/HPCA/PIEZO2/UNC5A/SLC6A3/ATP1A3/TACR3/KCNB1/CADM2/KCNA2/DAB2IP/GRIA1/KCNC1/RGS8"
"GO:0000775","chromosome, centromeric region",261,-0.354210266039943,-1.57116914081253,3.25064282083319e-05,0.000888323607696947,0.000700125466969814,8158,"tags=36%, list=22%, signal=28%","CLASP1/ORC2/H2AC8/EZH2/NUF2/DSN1/CBX3/CHMP5/MEIKIN/AHCTF1/NUP107/NEK2/CENPQ/BUB1B/SMARCA5/SGO1/PPP2R5C/PHF6/CDT1/CENPV/MTBP/MIS18A/ACTB/AURKB/NUP133/IKZF1/RCC2/HSF1/CENPE/MACROH2A1/STAG2/SYCP3/CENPF/H4C6/H4C13/KMT5C/CDC20/SPAG5/SKA1/SMC5/KAT7/PHF10/SIN3A/KNL1/KIF18A/CENPB/NUDCD2/TOP2A/NUP43/DSCC1/FBXO28/INCENP/CENPN/BIRC5/SEH1L/CENPL/NUP160/KIF2C/CDCA8/KAT2B/NUP98/NUP37/PLK1/HJURP/ACTL6A/PPP2R5A/ITGB3BP/NCAPG/CSNK1A1/NDC80/PKHD1/ANAPC16/PPP2CB/CENPW/SKA3/MIS18BP1/RANGAP1/H4C2/CENPH/SUV39H1/CDCA5/BUB1/CEBPB/CENPA/CENPM/ESCO2/KNTC1/CCNB1/OIP5/CENPK/SMC4/RASSF2/SEPTIN2"
"GO:0044306","neuron projection terminus",133,0.487810141390083,1.71797951966433,3.53848055974619e-05,0.000912312596491084,0.000719032205275657,6826,"tags=45%, list=18%, signal=37%","GCH1/SNCG/CALCA/SLC4A8/KCNC3/SCRG1/KCNA1/ADRA2A/CPLX2/CRHR2/USH2A/PCSK1/RAB3A/DRD2/SLC17A8/PRKCG/HCN3/SNCA/CPLX1/PRSS12/SLC8A1/CRHBP/EPHA4/KCNA3/ATP6V0D1/VAMP2/SYT1/UNC13A/SLC6A3/SLC8A3/MACO1/PTPRN/MICAL1/TNN/ELFN1/CALM3/NMU/CLCN3/ADORA1/SCN9A/KCNA6/SLC4A10/SYP/AAK1/KCNA2/OPHN1/PDYN/SLC18A3/SLC1A1/NTS/CALB1/GRIK2/GRIK3/KCNC1/PACSIN1/CDH8/KCNK2/PNOC/HTR1B/CALM2"
"GO:1904724","tertiary granule lumen",55,-0.548627696588582,-1.94212065859625,4.13810798121002e-05,0.00102245751369064,0.000805842080551426,4906,"tags=36%, list=13%, signal=32%","MMP8/PPBP/CTSS/ASAH1/CANT1/QSOX1/CTSH/CAMP/CSTB/FTH1/PTX3/LTF/GSDMD/HP/PGM1/CTSD/TMT1A/LTA4H/NIT2/CYFIP1"
"GO:0034703","cation channel complex",227,0.437844324928475,1.62948413096891,4.57345691431866e-05,0.00108482398007639,0.000854995734718941,6966,"tags=35%, list=18%, signal=29%","KCNC3/KCNA1/KCNA5/KCNIP2/RYR1/CACNA1I/HCN1/GRIK1/KCNJ5/TRPV6/KCNJ11/KCNIP4/HTR3D/ATP5MC1/STX1A/KCNAB2/ABCC8/TRPC5/CACNA1G/KCNN1/UNC80/HCN3/KCNB2/SCNN1G/CACNA1A/TRPC6/KCNA3/ATP5F1E/ATP5F1C/CACNG1/CACNA2D2/VAMP2/KCNQ1/CACNG2/PKD1L1/KCNA4/KCNQ2/CACNA1E/KCNH2/ATP5MF/CATSPERG/ATP5PO/KCNS1/KCNH4/CALM3/CACHD1/SCN9A/KCNA6/CACNB1/KCNS2/KCNE5/KCNB1/SNAP25/TRPC3/SESTD1/KCNA2/HCN4/CACNA1C/RYR3/KCNMB4/SCN3B/SCN2A/LRRC26/GRIK2/ATP5PD/GRIK3/ATP5MJ/KCNC1/ATP5PF/FKBP1B/CACNA1H/KCNK2/KCNG3/SUMO1/PRKACA/CACNG7/CCDC51/CALM2/CACNB4/CATSPER4"
"GO:1902495","transmembrane transporter complex",495,0.375159438314359,1.47227704605021,5.5089338964037e-05,0.00125646069252592,0.000990269898786738,7004,"tags=30%, list=19%, signal=25%","CHRNA9/KCNC3/BEST2/KCNA1/KCNA5/KCNIP2/RYR1/OLFM3/CACNA1I/UQCR10/HCN1/KCNK5/GRIK1/KCNJ9/NDUFB8/KCNJ5/NDUFA12/GRIA2/TRPV6/GABRA5/KCNJ11/KCNIP4/HTR3D/KCNH6/ATP6V1G2/ATP5MC1/GRIN2A/STX1A/NDUFA8/KCNAB2/ABCC8/SLC17A8/GLRA1/TRPC5/CACNA1G/KCNN1/UNC80/HCN3/GABRA3/KCNB2/CYBB/UQCRC1/KCNH8/SCNN1G/GABRE/CACNA1A/NDUFA4/TRPC6/COX7B/KCNA3/COX6B1/ATP5F1E/KCNK17/ATP5F1C/KCNK15/CACNG1/ATP6V1F/CACNA2D2/ATP6V0D1/CLCN1/VAMP2/KCNQ1/TMEM199/ATP6V0A1/GRIA3/GLRA2/GRIA4/ATP6V0A4/GRID2/CACNG2/PKD1L1/KCNA4/KCNQ2/CACNA1E/NDUFB9/UQCRB/KCNH2/ATP6V1B2/ATP5MF/ATP1A3/CHRNA4/CATSPERG/ATP5PO/GABRB3/KCNS1/KCNH4/NDUFC2/NDUFS4/CALM3/NDUFA11/NDUFS1/NDUFA9/CACHD1/SCN9A/KCNA6/SLC9A1/CACNB1/NDUFS5/KCNS2/KCNE5/KCNB1/SNAP25/KCNH3/CHRNB4/TRPC3/SESTD1/ATP6V1C1/KCNA2/CHRNA2/GRIA1/HCN4/COX6A1/SLC17A7/CACNA1C/RYR3/KCNMB4/SCN3B/SCN2A/LRRC26/NDUFB6/NDUFA3/GRIK2/TRPM5/ATP5PD/ANO6/GRIK3/FXYD1/ATP5MJ/KCNC1/NDUFB1/ATP5PF/FKBP1B/CACNA1H/NDUFA13/C15orf48/KCNK2/KCNG3/SUMO1/PRKACA/CHRNB2/CACNG7/CCDC51/CLCNKB/CALM2/CACNB4/ND1/CATSPER4/NALCN"
"GO:0044391","ribosomal subunit",182,-0.380930230450308,-1.61261156595218,5.95634653373849e-05,0.00130819018315071,0.00103104010174655,9955,"tags=46%, list=26%, signal=34%","MRPL17/RPS20/MRPL24/RPL41/RPL37/MRPL49/RPS5/RPL13/MRPL37/RPS14/RPS25/MRPL43/MRPL40/MRPL3/MRPL42/MRPS26/MRPL2/RPS4X/RPS23/FAU/RPL28/DHX29/MRPL10/RPL7A/RPS27/RBM3/RPLP1/RPL29/RPL23/RPS27A/RPL10L/MRPS6/MRPL57/RPL39/RPS21/RPL4/MRPL11/RPL36A/MRPL4/RPL13A/RPS13/MRPS7/RPL34/RPL32/RPS19/RPL31/RPL30/PTCD3/RPS15/RPS12/NSUN4/RACK1/RPL5/MRPS30/MRPL27/RPLP2/RPL3/RPL27A/RPSA2/RPS2/RPL18A/RPLP0/MRPL41/EIF2A/RPS3A/RPS16/RPL6/MRPL36/RPS24/MRPL14/MRPS24/RPS8/RPL10/MRPL16/RPL7/RPS9/MRPL19/MRPL39/MPV17L2/DAP3/RPS6/RPS26/LARP4/RPS4Y1"
"GO:0030134","COPII-coated ER to Golgi transport vesicle",93,-0.464333477134716,-1.7953656663826,6.20231962559706e-05,0.00131356269213538,0.00103527440367109,9227,"tags=47%, list=24%, signal=36%","SEC24D/SEC23A/TMED10/GOSR2/TMED5/TMED1/SEC13/KLHL12/TMED7/USO1/SURF4/PCSK9/CD59/SAR1B/LMAN2L/SEC31A/B2M/LMAN2/HLA-DRA/SEC16A/SLC30A5/ERGIC2/STX5/ERGIC1/HLA-H/YIF1A/CD74/HLA-F/PEF1/TEX261/CNIH3/AREG/HLA-E/COL7A1/TGFA/TMED4/CTSC/HLA-B/SEC23B/LMAN1L/PDCD6/YIPF6/HLA-G/HLA-A"
"GO:0042734","presynaptic membrane",186,0.449179743571478,1.64093105773089,7.6558269362854e-05,0.00152503336230047,0.00120194339728661,8924,"tags=47%, list=24%, signal=36%","GRM2/SLC4A8/KCNC3/KCNA1/ADRA2A/HCN1/GPR158/GRIK1/NTNG2/KCNJ9/GABRA5/KCNJ11/ZDHHC17/GRIN2A/STX1A/NRXN3/ABCC8/DRD2/PCDH8/PSENEN/ADCY8/ATP2B1/KCTD16/EPHA4/KCNA3/RGS7BP/SLC5A7/CACNA2D2/PTPRD/GABBR1/NRXN1/CLTB/RIMS4/SYT1/UNC13A/SLC6A3/NRXN2/RIMS1/HTR2A/RIMS2/FLRT2/SLC1A6/ADORA1/PCDH17/PPFIA2/SNAP25/SYP/SYT7/ADORA3/CNTN6/KCNA2/AP2M1/GRIA1/STX3/NPTN/CNTN1/GRIPAP1/SCN2A/RIMS3/PICK1/GRIK2/LRFN1/GRIK3/SLC6A1/SLC6A11/KCNC1/CNR1/SNAP91/ADAM11/CHRNB2/HTR1B/PDE2A/C1QA/SYT11/APBA1/LRRC4B/ADGRL1/GNB5/GPM6A/NECTIN1/FXYD6/KCTD8/DNAJC6/IGSF21/CLTA/STX1B/ERC1"
"GO:0000781","chromosome, telomeric region",173,-0.378523446650738,-1.5966987040743,7.71517721231268e-05,0.00152503336230047,0.00120194339728661,8995,"tags=38%, list=24%, signal=29%","H4C3/H2BW1/TERC/PML/SIRT2/SMC6/SP100/FEN1/ORC2/NAT10/TINF2/EZH2/TRIOBP/CBX3/POLD1/THOC1/PRKDC/RIF1/TOX4/PURA/WRN/MCM5/NSMCE4A/MCM7/KASH5/STN1/MCM6/MACROH2A1/H4C6/H4C13/MRE11/PPP1CB/CDC73/ATF7/PARP1/RAD51AP1/ORC5/ALYREF/SMC5/SETX/THOC2/SPO11/TELO2/ZBTB48/TEP1/HAT1/ATM/TNKS2/SLF2/CDK1/TERB1/SMCHD1/GAR1/MCM2/H4C2/RBBP7/TERT/ORC1/POT1/RAD51/CDK2/DMC1/RPA1/NLRP2/XRCC3/SUN1"
"GO:0005581","collagen trimer",86,-0.467673838053492,-1.79062105757208,0.00014353899185124,0.00274576200541242,0.00216405135422582,3447,"tags=28%, list=9%, signal=25%","COL9A1/C1QTNF6/SFTPD/MARCO/COL4A5/COL6A3/COL11A2/COL5A3/COL7A1/COL1A2/COL6A6/COL9A3/COL18A1/COLEC11/COL14A1/COL23A1/C1QL1/COL2A1/SCARA3/COL8A2/COLEC12/COL6A1/C1QTNF5/COL22A1"
"GO:0034702","monoatomic ion channel complex",364,0.386787762896106,1.49213042606993,0.000153092149609587,0.00283698889745266,0.00223595113245581,7004,"tags=31%, list=19%, signal=26%","CHRNA9/KCNC3/BEST2/KCNA1/KCNA5/KCNIP2/RYR1/OLFM3/CACNA1I/HCN1/KCNK5/GRIK1/KCNJ9/KCNJ5/GRIA2/TRPV6/GABRA5/KCNJ11/KCNIP4/HTR3D/KCNH6/ATP5MC1/GRIN2A/STX1A/KCNAB2/ABCC8/SLC17A8/GLRA1/TRPC5/CACNA1G/KCNN1/UNC80/HCN3/GABRA3/KCNB2/CYBB/KCNH8/SCNN1G/GABRE/CACNA1A/TRPC6/KCNA3/ATP5F1E/KCNK17/ATP5F1C/KCNK15/CACNG1/CACNA2D2/CLCN1/VAMP2/KCNQ1/GRIA3/GLRA2/GRIA4/GRID2/CACNG2/PKD1L1/KCNA4/KCNQ2/CACNA1E/KCNH2/ATP5MF/CHRNA4/CATSPERG/ATP5PO/GABRB3/KCNS1/KCNH4/CALM3/CACHD1/SCN9A/KCNA6/CACNB1/KCNS2/KCNE5/KCNB1/SNAP25/KCNH3/CHRNB4/TRPC3/SESTD1/KCNA2/CHRNA2/GRIA1/HCN4/SLC17A7/CACNA1C/RYR3/KCNMB4/SCN3B/SCN2A/LRRC26/GRIK2/TRPM5/ATP5PD/ANO6/GRIK3/ATP5MJ/KCNC1/ATP5PF/FKBP1B/CACNA1H/KCNK2/KCNG3/SUMO1/PRKACA/CHRNB2/CACNG7/CCDC51/CLCNKB/CALM2/CACNB4/CATSPER4/NALCN"
"GO:0044298","cell body membrane",33,0.658899325138777,1.85835562424614,0.000167254040153648,0.00300550441851858,0.00236876535337223,6592,"tags=58%, list=17%, signal=48%","SLC4A8/KCNC3/GABRA5/INSR/KCNB2/ADCY8/HPCA/PIEZO2/UNC5A/SLC6A3/ATP1A3/TACR3/KCNB1/CADM2/KCNA2/DAB2IP/GRIA1/KCNC1/RGS8"
"GO:0034705","potassium channel complex",101,0.503080205492967,1.70906614889373,0.000177745767194113,0.00310009529253262,0.00244331642830298,6826,"tags=41%, list=18%, signal=33%","KCNC3/KCNA1/KCNA5/KCNIP2/HCN1/GRIK1/KCNJ5/KCNJ11/KCNIP4/STX1A/KCNAB2/ABCC8/KCNN1/HCN3/KCNB2/KCNA3/VAMP2/KCNQ1/KCNA4/KCNQ2/KCNH2/KCNS1/KCNH4/CALM3/KCNA6/KCNS2/KCNE5/KCNB1/SNAP25/KCNA2/HCN4/KCNMB4/LRRC26/GRIK2/GRIK3/KCNC1/KCNK2/KCNG3/SUMO1/CCDC51/CALM2"
"GO:0009925","basal plasma membrane",298,-0.3137328019984,-1.40604919204551,0.000235641380906467,0.00399243825364385,0.00314660971796906,4725,"tags=25%, list=13%, signal=22%","AQP4/TEK/ST14/ABCC3/PDGFB/SLC26A6/RHCG/SLC26A1/STX2/BSG/CDH17/EPCAM/SLC30A1/SLC39A14/ATP12A/SLC27A1/ADAM9/SLC1A3/ERBB2/SLCO6A1/MLC1/ABCC1/CAV1/WASF2/SLC19A1/GM2A/TGFBR3/AQP7B/DLG1/HEPH/C5AR1/BEST1/SLC16A1/AQP7P3/SCRIB/STXBP3/HPGD/SLC29A4/AQP7/CLDN19/PLEKHG4B/CD81/TJP1/FXYD4/INPPL1/NOD1/ITGB4/CLDN1/SLC39A5/CD38/TACSTD2/KCNJ4/TGFA/KCNJ10/MTTP/PLPP3/CTNNB1/DSP/TFRC/SLC22A11/B4GALT1/AQP5/IQGAP1/AJAP1/ERBIN/ALPK2/IDE/SLC39A8/SLC41A1/CASR/AQP2/CA14/SLC13A3/DAG1/CD44"
"GO:0022625","cytosolic large ribosomal subunit",54,-0.528658500078668,-1.86171527683302,0.00030464721786093,0.00501821667198698,0.00395506914415944,8128,"tags=50%, list=22%, signal=39%","RPL18/RPL41/RPL37/RPL13/RPL28/RPL7A/RPLP1/RPL29/RPL23/RPL10L/RPL39/RPL4/RPL36A/RPL13A/RPL34/RPL32/RPL31/RPL30/RPL5/RPLP2/RPL3/RPL27A/RPL18A/RPLP0/RPL6/RPL10/RPL7"
"GO:0043204","perikaryon",152,0.442370695264528,1.58009325140365,0.000350569661036873,0.00561858943229366,0.00442824834993944,6986,"tags=39%, list=19%, signal=32%","SORCS2/KCNC3/KCNA1/CPLX2/NGFR/TMEM266/ITGA1/PCSK1/DRD2/SLC17A8/GLRA1/GRIP1/KCNB2/CPLX1/ITGA8/CRHBP/EPHA4/RGS7BP/CDK5/HPCA/SLC5A7/RTN4RL2/DRP2/SLC8A3/TIAM2/PTPRN/NEUROG1/SEPTIN14/KIF5A/MCRS1/SLC4A10/ELAVL4/GAP43/ENO2/KCNB1/CRMP1/KNDC1/APP/ATP7A/KCNA2/PCSK2/CDK5R1/CPNE5/SLC12A5/ROGDI/CACNA1C/SLC1A1/TRPM2/GRIK2/GRIK3/SEPTIN4/SEMA4F/ADAM11/EPM2A/SERPINI1/RGS8/CRH/NCDN/SYNPO/RNF112"
"GO:0043202","lysosomal lumen",98,-0.431092329815885,-1.67827667520904,0.00038724054837299,0.00604299066276797,0.00476273693843788,4890,"tags=31%, list=13%, signal=27%","OMD/MAN2B1/VCAN/APOB/FUCA1/NEU1/BGN/CTSS/ASAH1/GPC3/GUSB/GM2A/LAMP2/GLA/CD74/CTSK/TXNDC5/NAAA/GNS/TPP1/CTSD/EPDR1/SCARB2/PPT1/MAN2B2/NPC2/AGRN/CTSF/PSAP/HEXB"
"GO:0098839","postsynaptic density membrane",125,0.468740682087883,1.63504508323675,0.000412891130320613,0.00627806257128522,0.00494800706780978,6969,"tags=41%, list=18%, signal=33%","SORCS2/ASIC2/ADRA2A/GPR158/GRIK1/GRIA2/GRIN2A/CRHR1/ADAM22/GSG1L/SYNDIG1/NETO1/ITGA8/EPHA4/NETO2/RGS7BP/SLITRK3/LRFN5/GRIA3/GRIA4/GRID2/CACNG2/TRAPPC4/ABHD17C/ELFN1/SLC16A7/LRFN2/LIN7A/CLSTN2/SLITRK1/CNKSR2/CLSTN3/SIGMAR1/LRRTM2/GRIA1/GRID1/DCC/CACNA1C/GRIK2/SHISA7/LRFN1/GRIK3/ADGRB3/SEMA4C/SEMA4F/CSMD2/ELFN2/KCNK2/CACNG7/IGSF9/SLITRK5"
"GO:0043679","axon terminus",117,0.476249076751529,1.6476497698472,0.000480245564937378,0.00711964050019663,0.00561129028505779,6826,"tags=47%, list=18%, signal=39%","SNCG/CALCA/SLC4A8/KCNC3/KCNA1/ADRA2A/CPLX2/CRHR2/USH2A/PCSK1/RAB3A/DRD2/SLC17A8/PRKCG/HCN3/SNCA/CPLX1/PRSS12/SLC8A1/CRHBP/EPHA4/KCNA3/ATP6V0D1/UNC13A/SLC6A3/SLC8A3/PTPRN/MICAL1/TNN/ELFN1/CALM3/NMU/CLCN3/ADORA1/SCN9A/KCNA6/SLC4A10/SYP/AAK1/KCNA2/OPHN1/PDYN/SLC18A3/SLC1A1/NTS/CALB1/GRIK2/GRIK3/KCNC1/PACSIN1/CDH8/KCNK2/PNOC/HTR1B/CALM2"
"GO:0030686","90S preribosome",26,-0.653603684945954,-1.95523150466537,0.000510036924753211,0.00720123562806319,0.00567559886191543,7107,"tags=62%, list=19%, signal=50%","RRP36/SLX9/UTP20/RRP7BP/WDR3/NOP14/TBL3/RRP7A/UTP6/UTP18/PES1/NOL6/PWP2/NOC4L/LOC102724159/KRI1"
"GO:0017053","transcription repressor complex",79,-0.451335293500024,-1.70519630117786,0.000502382902385465,0.00720123562806319,0.00567559886191543,7394,"tags=38%, list=20%, signal=31%","MIER1/REST/RCOR1/JUND/RLIM/TBX15/H1-0/CTBP1/SDR16C5/SKI/SIN3A/PHF12/DEPDC1/TBL1XR1/ETV3/INSM1/GLI3/RBBP8/MDM4/GATA1/ZBTB16/TP53/HDGF/RELB/HOXC9/N4BP2L2/CTNNB1/HDAC1/SP1/HEY2"
"GO:0099634","postsynaptic specialization membrane",157,0.441404284245345,1.5821709846265,0.000748957784305086,0.0103286503742539,0.00814044690897082,6969,"tags=39%, list=18%, signal=32%","SORCS2/ASIC2/ADRA2A/GPR158/GRIK1/GRIA2/GABRA5/GRIN2A/CRHR1/ADAM22/GSG1L/SYNDIG1/NETO1/ITGA8/EPHA4/NETO2/RGS7BP/SLITRK3/LRFN5/GRIA3/GLRA2/GRIA4/GRID2/CACNG2/TRAPPC4/ABHD17C/NLGN3/GABRB3/ELFN1/SLC16A7/LRFN2/LIN7A/CLSTN2/SLITRK1/KCNB1/CNKSR2/CHRNB4/CLSTN3/SIGMAR1/LRRTM2/GRIA1/SLC12A5/GRID1/DCC/CACNA1C/GRIK2/LRRTM1/SHISA7/LRFN1/GRIK3/ADGRB3/SEMA4C/SEMA4F/CSMD2/GPHN/ELFN2/KCNK2/CHRNB2/CACNG7/IGSF9/SLITRK5"
"GO:0035580","specific granule lumen",62,-0.470565578727184,-1.69967920875032,0.000798004847286233,0.0107549289645622,0.00847641512428439,4105,"tags=26%, list=11%, signal=23%","NEU1/KPNB1/LCN2/CANT1/QSOX1/CAMP/PTX3/LTF/GSDMD/NFKB1/HP/VCL/CTSD/FRK/NIT2/CYFIP1"
"GO:0033116","endoplasmic reticulum-Golgi intermediate compartment membrane",81,-0.43058597746436,-1.63155285427672,0.000933672566489068,0.0120362572158265,0.00948628419956856,10603,"tags=53%, list=28%, signal=38%","LMAN1/PIEZO1/YIF1B/TRIP11/MGAT1/GORASP1/TMED2/BCAP31/TMED10/ASPSCR1/GOSR2/TMED5/TMED1/TMED7/SLC35C2/TAP2/KDELR1/SURF4/CD59/WHAMM/TAP1/LMAN2/BET1/TM6SF2/ERGIC2/CD55/STX5/VMP1/ERGIC1/INS/YIF1A/LAMP5/COPZ2/PALS1/CNIH3/AREG/COL7A1/TAPBP/TGFA/CALR/PLPP3/CTSC/LMAN1L"
"GO:0005793","endoplasmic reticulum-Golgi intermediate compartment",135,-0.382074922063604,-1.56615466955672,0.000925156726500419,0.0120362572158265,0.00948628419956856,4473,"tags=24%, list=12%, signal=22%","TM6SF2/COPG1/MGAT4B/ERGIC2/CD55/STX5/RER1/VMP1/ERGIC1/INS/YIF1A/SMO/HSPA5/LAMP5/PTPN2/PDIA6/COPZ2/PALS1/GJB2/CNIH3/AREG/COL7A1/TAPBP/TGFA/CALR/TMED4/PLPP3/INPP5B/CTSC/NUCB1/LMAN1L/SERPINH1/PROM1"
"GO:0016323","basolateral plasma membrane",264,-0.310926129924189,-1.37859390555889,0.000983179039434054,0.0124047908592424,0.00977674117600717,4725,"tags=25%, list=13%, signal=22%","AQP4/TEK/ST14/ABCC3/PDGFB/SLC26A6/RHCG/SLC26A1/STX2/BSG/CDH17/EPCAM/SLC30A1/SLC39A14/ATP12A/ADAM9/ERBB2/SLCO6A1/MLC1/ABCC1/CAV1/WASF2/SLC19A1/GM2A/TGFBR3/AQP7B/DLG1/HEPH/C5AR1/BEST1/SLC16A1/AQP7P3/SCRIB/STXBP3/HPGD/SLC29A4/AQP7/CLDN19/CD81/TJP1/FXYD4/NOD1/CLDN1/SLC39A5/CD38/KCNJ4/TGFA/KCNJ10/MTTP/PLPP3/CTNNB1/DSP/TFRC/B4GALT1/IQGAP1/AJAP1/ERBIN/ALPK2/IDE/SLC39A8/SLC41A1/CASR/AQP2/CA14/SLC13A3/DAG1/CD44"
"GO:0045178","basal part of cell",317,-0.303174199695258,-1.36716167802996,0.00127040233535563,0.015694762184706,0.0123697069495153,4725,"tags=25%, list=13%, signal=22%","AQP4/TEK/ST14/ABCC3/PDGFB/SLC26A6/RHCG/SLC26A1/STX2/BSG/CDH17/FAP/EPCAM/SLC30A1/SLC39A14/ATP12A/SLC27A1/ADAM9/SLC1A3/ERBB2/SLCO6A1/MLC1/ABCC1/CAV1/WASF2/SLC19A1/GM2A/TGFBR3/AQP7B/PRCP/DLG1/HEPH/C5AR1/BEST1/SLC16A1/AQP7P3/SCRIB/STXBP3/HPGD/SLC29A4/AQP7/CLDN19/PLEKHG4B/CD81/TJP1/FXYD4/INPPL1/NOD1/ITGB4/CLDN1/SLC39A5/CD38/TACSTD2/KCNJ4/TGFA/KCNJ10/MTTP/PLPP3/CTNNB1/DSP/SLC11A2/TFRC/SLC22A11/B4GALT1/AQP5/IQGAP1/AJAP1/ERBIN/ALPK2/IDE/SLC39A8/SLC41A1/CASR/AQP2/CA14/SLC13A3/DAG1/CD44"
"GO:0070971","endoplasmic reticulum exit site",33,-0.577763255690567,-1.82000214335594,0.00136452657975352,0.0161832852358767,0.012754732661275,9227,"tags=55%, list=24%, signal=41%","SEC24B/CTAGE9/SEC24A/SEC24D/SEC23A/TMED5/CTAGE1/SURF4/SAR1B/SEC31A/APOB/SEC16A/PDCD6IP/TFG/PLPP3/SEC23B/PDCD6/HLA-A"
"GO:0008021","synaptic vesicle",233,0.393117630067641,1.46705782108768,0.00136140847411343,0.0161832852358767,0.012754732661275,10772,"tags=49%, list=29%, signal=35%","NTF3/SYT6/SLC4A8/RAB8B/ATP6V1G2/SYT9/GRIN2A/STX1A/ICA1/ABCC8/RAB3A/DRD2/SLC17A8/SV2C/CLCN4/PTPRN2/SYNGR3/SNCA/BRSK1/SYNDIG1/ATP2B1/SVOP/STON2/ATP6V1F/SLC5A7/COPS5/GABBR1/ATP6V0D1/VAMP2/DTNBP1/ATP6V0A1/CLTB/AMPH/SYT1/ATP6V0A4/RAB3C/UNC13A/SYT5/TRAPPC4/AP3S1/ATP6V1B2/MTMR2/RAB27B/CLCN3/PPFIA2/DGKI/SNAP25/SYP/RAB12/SCAMP1/STX12/SYT7/APP/ATP6V1C1/AP2M1/GRIA1/UBE3A/STX3/DOC2A/SLC17A7/SLC18A3/ROGDI/RAB3B/PICK1/BCL2L1/COPS4/SYT2/AP3M2/KIF1B/SEPTIN4/SCAMP5/SEMA4C/SYN1/SNAP91/SEPTIN5/CDK16/VTI1B/HAP1/SYT4/RNF112/ATP6V1G3/SYT11/APBA1/ATP6V1G1/FER1L5/TRIM9/SYNPR/DLG4/BIN1/ZNRF1/IQSEC1/ATP6V1A/VAMP1/CLTA/SLC35G2/BSN/SEPTIN6/DNAJC5/SV2A/HSPA8/GRIN1/SYN3/NGF/RAB11B/LGI3/STXBP5/CTTNBP2/AP3S2/SV2B/SNCAIP/PHF24/SLC35F1/VTI1A/RAB40A/PRRT2"
"GO:0000779","condensed chromosome, centromeric region",184,-0.342558799604079,-1.4582191268144,0.00141828606038046,0.0164910516432473,0.0129972964047249,7846,"tags=35%, list=21%, signal=28%","NUF2/DSN1/CBX3/CHMP5/MEIKIN/AHCTF1/NUP107/NEK2/CENPQ/BUB1B/SGO1/PHF6/CDT1/CENPV/MTBP/ACTB/AURKB/NUP133/HSF1/CENPE/CENPF/KMT5C/CDC20/SPAG5/SKA1/PHF10/SIN3A/KNL1/KIF18A/CENPB/NUDCD2/NUP43/FBXO28/INCENP/CENPN/BIRC5/SEH1L/CENPL/NUP160/KIF2C/KAT2B/NUP98/NUP37/PLK1/HJURP/ACTL6A/ITGB3BP/NCAPG/CSNK1A1/NDC80/ANAPC16/CENPW/SKA3/RANGAP1/CENPH/BUB1/CEBPB/CENPA/CENPM/KNTC1/CCNB1/CENPK/RASSF2/SEPTIN2"
"GO:0044305","calyx of Held",21,0.695253741485326,1.79146520803698,0.0015365302423399,0.0168733784019919,0.013298624319667,8165,"tags=67%, list=22%, signal=52%","KCNA1/CPLX2/PRKCG/CPLX1/KCNA3/CALM3/ADORA1/KCNA2/CALB1/KCNC1/KCNK2/HTR1B/CALM2/CALM1"
"GO:0015935","small ribosomal subunit",73,-0.446632165060507,-1.66318232249602,0.00150311831491908,0.0168733784019919,0.013298624319667,9016,"tags=45%, list=24%, signal=34%","RPS14/RPS25/MRPL42/MRPS26/RPS4X/RPS23/FAU/DHX29/RPS27/RPS27A/MRPS6/RPS21/RPS13/MRPS7/RPS19/PTCD3/RPS15/RPS12/RACK1/RPSA2/RPS2/EIF2A/RPS3A/RPS16/RPS24/MRPS24/RPS8/RPS9/DAP3/RPS6/RPS26/LARP4/RPS4Y1"
"GO:0070382","exocytic vesicle",253,0.388509802651343,1.46042245323803,0.00151649700099776,0.0168733784019919,0.013298624319667,10772,"tags=48%, list=29%, signal=34%","NTF3/SYT6/SLC4A8/RAB8B/ATP6V1G2/SYT9/GRIN2A/STX1A/ICA1/ABCC8/RAB3A/DRD2/SLC17A8/SV2C/CLCN4/PTPRN2/SYNGR3/SNCA/BRSK1/SYNDIG1/ATP2B1/SVOP/STON2/ATP6V1F/SLC5A7/COPS5/GABBR1/ATP6V0D1/SYTL3/VAMP2/DTNBP1/ATP6V0A1/CLTB/AMPH/SYT1/ATP6V0A4/RAB3C/UNC13A/SYT5/TRAPPC4/SYT3/AP3S1/ATP6V1B2/MTMR2/RAB27B/CLCN3/PPFIA2/DGKI/SNAP25/SYP/RAB12/SCAMP1/STX12/IGF1/SYT7/APP/ATP6V1C1/AP2M1/GRIA1/UBE3A/STX3/DOC2A/SLC17A7/SLC18A3/ROGDI/RAB3B/RAB3IP/PICK1/BCL2L1/COPS4/SYT2/AP3M2/KIF1B/RAB6A/SEPTIN4/SCAMP5/SEMA4C/SYN1/SNAP91/SEPTIN5/CDK16/VTI1B/HAP1/SYT4/RNF112/ATP6V1G3/SYT11/APBA1/ATP6V1G1/FER1L5/TRIM9/SYNPR/DLG4/BIN1/ZNRF1/IQSEC1/ATP6V1A/VAMP1/CLTA/SLC35G2/BSN/SEPTIN6/DNAJC5/SV2A/HSPA8/GRIN1/SYN3/NGF/RAB11B/LGI3/STXBP5/SYTL5/CTTNBP2/AP3S2/SV2B/SNCAIP/PHF24/SLC35F1/VTI1A/RAB40A/PRRT2"
"GO:0000792","heterochromatin",82,-0.420876094032734,-1.59903423543462,0.0018233208394352,0.0196587137779105,0.0154938651236216,8787,"tags=44%, list=23%, signal=34%","TRIM28/SIRT1/SIRT2/ORC2/WDR76/DNMT3L/EZH2/CBX3/UHRF1/CDKN2A/SMARCA5/BAZ2A/PHC1/IKZF1/EME1/HSF1/MACROH2A1/KMT5C/PHC2/CENPB/BEND3/TNKS1BP1/INCENP/MBD3/RRP1B/SUZ12/SALL4/MBD2/SUV39H1/FOXC1/CENPA/ZBTB18/ESCO2/NOP53/SALL1/HDAC1"
"GO:0008076","voltage-gated potassium channel complex",90,0.478901029553206,1.6046739847808,0.0023112325170996,0.0244743014757154,0.0192892337893275,6826,"tags=39%, list=18%, signal=32%","KCNC3/KCNA1/KCNA5/KCNIP2/HCN1/KCNJ5/KCNIP4/STX1A/KCNAB2/KCNN1/HCN3/KCNB2/KCNA3/VAMP2/KCNQ1/KCNA4/KCNQ2/KCNH2/KCNS1/KCNH4/CALM3/KCNA6/KCNS2/KCNE5/KCNB1/SNAP25/KCNA2/HCN4/KCNMB4/LRRC26/KCNC1/KCNK2/KCNG3/SUMO1/CALM2"
"GO:0005775","vacuolar lumen",178,-0.336857293295011,-1.42262961422147,0.00240215295444658,0.0249908193331021,0.0196963233938002,4890,"tags=23%, list=13%, signal=20%","OMD/CAP1/MAN2B1/VCAN/APOB/FUCA1/ADA2/NEU1/BGN/CTSS/CLN5/ASAH1/GPC3/GUSB/NAPRT/GM2A/LAMP2/GLA/DNAJC3/CD74/CTSK/AZU1/TXNDC5/NAAA/GNS/TPP1/CYB5R3/PADI2/CTSD/EPDR1/CTSC/SCARB2/PPT1/FRK/MAN2B2/NPC2/AGRN/PRDX6/CTSF/PSAP/HEXB"
"GO:0030672","synaptic vesicle membrane",143,0.422377020290955,1.49822269481352,0.00259387351778656,0.0260706270516514,0.0205473656003075,6153,"tags=35%, list=16%, signal=29%","SYT6/SLC4A8/ATP6V1G2/SYT9/STX1A/ICA1/ABCC8/RAB3A/DRD2/SLC17A8/SV2C/PTPRN2/SYNGR3/SNCA/SYNDIG1/ATP2B1/SVOP/ATP6V1F/SLC5A7/ATP6V0D1/VAMP2/DTNBP1/ATP6V0A1/CLTB/AMPH/SYT1/ATP6V0A4/RAB3C/UNC13A/SYT5/ATP6V1B2/RAB27B/CLCN3/DGKI/SYP/SCAMP1/STX12/SYT7/ATP6V1C1/GRIA1/DOC2A/SLC17A7/SLC18A3/RAB3B/BCL2L1/SYT2/KIF1B/SCAMP5/SEMA4C/SYN1"
"GO:0099501","exocytic vesicle membrane",143,0.422377020290955,1.49822269481352,0.00259387351778656,0.0260706270516514,0.0205473656003075,6153,"tags=35%, list=16%, signal=29%","SYT6/SLC4A8/ATP6V1G2/SYT9/STX1A/ICA1/ABCC8/RAB3A/DRD2/SLC17A8/SV2C/PTPRN2/SYNGR3/SNCA/SYNDIG1/ATP2B1/SVOP/ATP6V1F/SLC5A7/ATP6V0D1/VAMP2/DTNBP1/ATP6V0A1/CLTB/AMPH/SYT1/ATP6V0A4/RAB3C/UNC13A/SYT5/ATP6V1B2/RAB27B/CLCN3/DGKI/SYP/SCAMP1/STX12/SYT7/ATP6V1C1/GRIA1/DOC2A/SLC17A7/SLC18A3/RAB3B/BCL2L1/SYT2/KIF1B/SCAMP5/SEMA4C/SYN1"
"GO:0032839","dendrite cytoplasm",26,0.637199880350301,1.71219534918088,0.0030298439630359,0.0282331902032225,0.0222517732319709,9560,"tags=54%, list=25%, signal=40%","HPCA/KIF5C/MAP2/KIF5A/KIFAP3/HIP1R/STAU2/GRIK2/GRIK3/DLG4/CDKL5/RAB17/KIF3B/FLOT2"
"GO:0030119","AP-type membrane coat adaptor complex",41,0.562213637456273,1.65579144983533,0.00289939112786315,0.0282331902032225,0.0222517732319709,6493,"tags=34%, list=17%, signal=28%","VPS33A/AP3B2/AP1S1/AP1M1/STON2/AP3S1/AP2M1/AP2S1/SGIP1/AP4S1/SLC18A3/AP3M2/AP5M1/AP5B1"
"GO:0016469","proton-transporting two-sector ATPase complex",49,0.54107697221397,1.64790707727667,0.00297366185216653,0.0282331902032225,0.0222517732319709,9398,"tags=51%, list=25%, signal=38%","ATP6V1G2/ATP5MC1/ATP5F1E/ATP5F1C/ATP6V1F/ATP6V0D1/TMEM199/ATP6V0A1/ATP6V0A4/ATP6V1B2/ATP5MF/ATP5PO/ATP6V1C1/ATP5PD/ATP5MJ/ATP5PF/ATP6V1G3/CCDC115/ATP6V1G1/ATP6V1E2/ATP6V1A/ATP6V0B/ATP5ME/ATP5MG/ATP5MC3"
"GO:0012507","ER to Golgi transport vesicle membrane",62,-0.446142327858482,-1.61146261665723,0.00302319187909436,0.0282331902032225,0.0222517732319709,9227,"tags=47%, list=24%, signal=35%","SEC24D/SEC23A/TMED10/GOSR2/SEC13/KLHL12/TMED7/USO1/CD59/SAR1B/SEC31A/B2M/HLA-DRA/SEC16A/SLC30A5/STX5/HLA-H/CD74/HLA-F/PEF1/CNIH3/AREG/HLA-E/TGFA/HLA-B/SEC23B/PDCD6/HLA-G/HLA-A"
"GO:0000793","condensed chromosome",283,-0.302357087797022,-1.35090034983739,0.00304708966780142,0.0282331902032225,0.0222517732319709,9374,"tags=39%, list=25%, signal=30%","BRD7/H2AX/AKAP8/RAD1/PPP1CC/ERCC6L/SMARCD2/PLK3/NCAPH/P3H4/SMARCC1/C14orf39/NCAPG2/SMC6/SEC13/HORMAD2/HUS1/CLASP1/ORC2/FAM9C/DNMT3L/NUF2/DSN1/CBX3/CHMP5/MEIKIN/AHCTF1/NUP107/NEK2/CENPQ/RIF1/BUB1B/SMARCA5/SGO1/PHF6/FAM9B/SYCE3/NSMCE4A/CDT1/RRS1/CENPV/MKI67/KASH5/MTBP/ACTB/AURKB/NUP133/HSF1/CENPE/MACROH2A1/SYCP3/CENPF/SHOC1/KMT5C/CDC20/SPAG5/SKA1/SMC5/PHF10/SIN3A/KNL1/KIF18A/CENPB/NUDCD2/TOP2A/NUP43/FBXO28/BRCA1/INCENP/CENPN/IHO1/BIRC5/SEH1L/CENPL/TEX11/NUP160/NOL6/KIF2C/KAT2B/NUP98/NUP37/PLK1/HJURP/ACTL6A/ITGB3BP/NCAPG/CSNK1A1/SLF2/NDC80/HMGB2/ANAPC16/CENPW/SKA3/RANGAP1/CENPH/SUV39H1/NIFK/BUB1/CEBPB/RAD51/CENPA/CENPM/FANCD2/CDK2/DMC1/KNTC1/CCNB1/CENPK/SMC4/RASSF2/SEPTIN2"
"GO:0032432","actin filament bundle",95,-0.390151940694181,-1.51522809006487,0.00316055108167267,0.0288339506374137,0.0227252579799622,9962,"tags=47%, list=26%, signal=35%","PDLIM2/CNN2/AMOT/PRICKLE4/SIPA1L3/PLS3/CORO1B/ACTA2/ZNF664-RFLNA/MYH9/RFLNA/TPM3/DIAPH3/ACTN1/FSCN1/SEPTIN11/LDB3/PGM5/MYL9/MST1R/XIRP1/PALLD/TEK/PDLIM3/TPM4/ROR1/FHOD1/AFAP1L1/LPP/FERMT2/ACTA1/FLNA/SEPTIN9/MICALL2/GAS2L1/FAM107A/RFLNB/CRYAB/LIMA1/MYLK/SORBS1/ACTN4/MYH10/TRIP6/PDLIM4"
"GO:0005766","primary lysosome",155,-0.342256992292235,-1.43418981331816,0.00339161581997233,0.0300183310633372,0.0236587183671283,7803,"tags=33%, list=21%, signal=26%","DSN1/GGH/FUCA2/CKAP4/SURF4/TMEM179B/GAA/C3/FTL/SNAP29/VAT1/PYCARD/CREG1/FABP5/SDCBP/GLIPR1/PIGR/CD63/CAP1/MAN2B1/FUCA1/VAMP7/ADA2/LPCAT1/MAGT1/GUSB/CMTM6/NAPRT/GM2A/HLA-H/LAMP2/PRCP/GLA/DNAJC3/AZU1/TXNDC5/MGST1/GNS/NCSTN/VNN1/CYB5R3/PADI2/CEACAM8/CTSC/FRK/NPC2/ANXA11/B4GALT1/PRDX6/PSAP/HEXB"
"GO:0042582","azurophil granule",155,-0.342256992292235,-1.43418981331816,0.00339161581997233,0.0300183310633372,0.0236587183671283,7803,"tags=33%, list=21%, signal=26%","DSN1/GGH/FUCA2/CKAP4/SURF4/TMEM179B/GAA/C3/FTL/SNAP29/VAT1/PYCARD/CREG1/FABP5/SDCBP/GLIPR1/PIGR/CD63/CAP1/MAN2B1/FUCA1/VAMP7/ADA2/LPCAT1/MAGT1/GUSB/CMTM6/NAPRT/GM2A/HLA-H/LAMP2/PRCP/GLA/DNAJC3/AZU1/TXNDC5/MGST1/GNS/NCSTN/VNN1/CYB5R3/PADI2/CEACAM8/CTSC/FRK/NPC2/ANXA11/B4GALT1/PRDX6/PSAP/HEXB"
"GO:0030496","midbody",206,-0.316814537825582,-1.36656125160808,0.00367202314359148,0.0320222018257316,0.025238053804251,7868,"tags=32%, list=21%, signal=25%","CIAO2B/NAT10/CCDC69/TRIOBP/ARF6/CHMP5/PTCH1/KIF13A/NEK2/KIF4A/CEP44/SPART/LZTS2/ASPM/C6orf89/ANLN/EML3/CENPV/TTC28/BCL3/AURKB/VPS37B/RCC2/CENPE/FOXL2/KIF14/CENPF/GNL3/TACC1/SPAG5/MSRA/EXOC3/RACK1/CTNND1/PDCD6IP/SHCBP1/KIF20A/RHOA/MAK/POLDIP2/PKN2/INCENP/RDX/BIRC5/CEP55/CTDP1/CDCA8/PLK1/ENTR1/CDK1/NUP62/HSPA5/KIF23/URB2/PSRC1/CLIC4/KIF20B/HSP90B1/GNAI2/ECT2/ANXA11/MYH10/IQGAP1/EXOC2/SEPTIN2"
"GO:0048786","presynaptic active zone",89,0.464420259066577,1.55355432511801,0.00421163464069492,0.0361956426366969,0.0285273193053935,11447,"tags=57%, list=30%, signal=40%","PPFIA3/FLOT1/ADRA2A/HCN1/NTNG2/STX1A/RAB3A/BRSK1/ADCY8/CACNA2D2/RIMS4/SYT1/PPFIBP1/UNC13A/TRAPPC4/RIMS1/RIMS2/ADORA1/PPFIA4/PPFIA2/SYP/GUCY1B1/APP/GRIA1/STX3/SLC17A7/RIMS3/LRFN1/SYN1/SYT11/APBA1/ARHGAP44/GPM6A/NECTIN1/KCTD8/DAO/PCLO/STX1B/ERC1/BSN/SV2A/EHD1/STXBP1/ERC2/CACNA2D3/EGFLAM/TRIO/LRFN3/ATP2B4/ATP2B2/NUFIP1"
"GO:0042470","melanosome",112,-0.367346005512973,-1.4624021744849,0.00468699039512618,0.0391462718916876,0.030852835217732,8837,"tags=44%, list=23%, signal=34%","OCA2/RAB5B/HPS4/SLC1A5/SYTL1/PRDX1/TYR/MYH11/GPR143/GGH/PDIA3/CNP/ATP1A1/CLTC/SND1/PPIB/P4HB/SYPL1/CTNS/MFSD12/CCT4/SDCBP/CANX/CD63/RAB9A/TH/PDCD6IP/BSG/RAB5A/SLC1A4/ABCB6/RAB32/MMP14/HSPA5/PDIA6/ANKRD27/AHCY/TPCN2/TPP1/NAP1L1/NCSTN/CTSD/HSP90B1/TFRC/RAB29/ANXA11/GANAB/PDIA4/BACE2"
"GO:0048770","pigment granule",112,-0.367346005512973,-1.4624021744849,0.00468699039512618,0.0391462718916876,0.030852835217732,8837,"tags=44%, list=23%, signal=34%","OCA2/RAB5B/HPS4/SLC1A5/SYTL1/PRDX1/TYR/MYH11/GPR143/GGH/PDIA3/CNP/ATP1A1/CLTC/SND1/PPIB/P4HB/SYPL1/CTNS/MFSD12/CCT4/SDCBP/CANX/CD63/RAB9A/TH/PDCD6IP/BSG/RAB5A/SLC1A4/ABCB6/RAB32/MMP14/HSPA5/PDIA6/ANKRD27/AHCY/TPCN2/TPP1/NAP1L1/NCSTN/CTSD/HSP90B1/TFRC/RAB29/ANXA11/GANAB/PDIA4/BACE2"
"GO:0031983","vesicle lumen",330,-0.279897255050971,-1.26145007400995,0.00542980155405193,0.0447204489104555,0.0352460802631441,4727,"tags=20%, list=13%, signal=17%","APRT/CAP1/MAN2B1/A1BG/APOH/FAM3C/PDGFB/PPBP/FUCA1/ADA2/NEU1/NHLRC2/ROCK1/KPNB1/LCN2/LEFTY2/F13A1/GUSB/GAS6/CANT1/GSN/NAPRT/QSOX1/GM2A/EGF/INS/CTSH/GLA/DNAJC3/PENK/NME2/CAMP/CSTB/BIN2/MIF/AZU1/PTX3/GRP/A2M/LTF/SRGN/TXNDC5/FGR/GSDMD/ATG7/MVP/NFKB1/HP/VCL/GNS/CYB5R3/PADI2/CTSD/CTSC/ACTN4/FRK/NPC2/SERPINB1/EEF1A1/PPIE/PRDX6/HEXB/RARRES2/NIT2/CYFIP1"
"GO:0005604","basement membrane",92,-0.392075779799328,-1.51241011430097,0.00562939333763516,0.0457291814961322,0.0360411051465034,1498,"tags=22%, list=4%, signal=21%","NPNT/COL4A5/DLG1/ITGB4/LAMA2/COL7A1/LAMA1/EFEMP2/COL18A1/LAMB2/COL23A1/COL2A1/CD151/ERBIN/AGRN/LAMC3/COL8A2/P3H2/COL6A1/DAG1"
"GO:0034774","secretory granule lumen",324,-0.281570428847542,-1.26822096542741,0.00575319946533027,0.0461033416613628,0.0363359966231385,4727,"tags=20%, list=13%, signal=18%","APRT/CAP1/MAN2B1/A1BG/APOH/FAM3C/PDGFB/PPBP/FUCA1/ADA2/NEU1/NHLRC2/ROCK1/KPNB1/LCN2/LEFTY2/F13A1/GUSB/GAS6/CANT1/GSN/NAPRT/QSOX1/GM2A/EGF/INS/CTSH/GLA/DNAJC3/PENK/NME2/CAMP/CSTB/BIN2/MIF/AZU1/PTX3/GRP/A2M/LTF/SRGN/TXNDC5/FGR/GSDMD/ATG7/MVP/NFKB1/HP/VCL/GNS/CYB5R3/PADI2/CTSD/CTSC/ACTN4/FRK/NPC2/SERPINB1/EEF1A1/PPIE/PRDX6/HEXB/RARRES2/NIT2/CYFIP1"
"GO:0120111","neuron projection cytoplasm",89,0.454149268681343,1.51919634605763,0.00618583837852066,0.0482658178745099,0.038040335734947,9730,"tags=42%, list=26%, signal=31%","BLOC1S2/AP3B2/CALY/NETO1/ACTR10/NEFL/HPCA/DTNBP1/KIF5C/AP3S1/RAB27B/MAP2/KIF5A/KIF3A/KIFAP3/AGBL4/CHRNA2/SPAST/HIP1R/STAU2/GRIK2/MAPT/AP3M2/EIF4EBP2/PAFAH1B1/GRIK3/KIF1B/HAP1/DLG4/AGTPBP1/MAP1A/CDKL5/RAB17/KIF3B/KIF21A/FLOT2/DYNC1H1"
"GO:0098803","respiratory chain complex",106,0.438304080671797,1.49832234708295,0.00618238021638331,0.0482658178745099,0.038040335734947,10110,"tags=40%, list=27%, signal=29%","UQCR10/NDUFB8/NDUFA12/ATP5MC1/NDUFA8/UQCRC1/NDUFA4/COX7B/COX6B1/ATP5F1E/ATP5F1C/NDUFB9/UQCRB/ATP5MF/ATP5PO/NDUFC2/NDUFS4/NDUFA11/NDUFS1/NDUFA9/NDUFS5/COX6A1/NDUFB6/NDUFA3/ATP5PD/ATP5MJ/NDUFB1/ATP5PF/NDUFA13/C15orf48/ND1/NDUFA5/COX5B/ND5/NDUFV2/ATP5ME/UQCRH/ATP5MG/ATP5MC3/COX7A2/NDUFC1/NDUFA1"
